category,error_code_number,error_code_name,message,cause,recommendation,resolution
Azure Databricks,3200,,Error 403.,The Databricks access token has expired.,"By default, the Azure Databricks access token is valid for 90 days. Create a new token and update the linked service.",
Azure Databricks,3201,,Missing required field: settings.task.notebook_task.notebook_path.,Bad authoring: Notebook path not specified correctly.,Specify the notebook path in the Databricks activity.,
Azure Databricks,3201,,Cluster... does not exist.,Authoring error: Databricks cluster does not exist or has been deleted.,Verify that the Databricks cluster exists.,
Azure Databricks,3201,,Invalid Python file URI... Please visit Databricks user guide for supported URI schemes.,Bad authoring.,"Specify either absolute paths for workspace-addressing schemes, or dbfs:/folder/subfolder/foo.py for files stored in the Databricks File System (DFS).",
Azure Databricks,3201,,{0} LinkedService should have domain and accessToken as required properties.,Bad authoring.,Verify the linked service definition.,
Azure Databricks,3201,,{0} LinkedService should specify either existing cluster ID or new cluster information for creation.,Bad authoring.,Verify the linked service definition.,
Azure Databricks,3201,,"Node type Standard_D16S_v3 is not supported. Supported node types: Standard_DS3_v2, Standard_DS4_v2, Standard_DS5_v2, Standard_D8s_v3, Standard_D16s_v3, Standard_D32s_v3, Standard_D64s_v3, Standard_D3_v2, Standard_D8_v3, Standard_D16_v3, Standard_D32_v3, Standard_D64_v3, Standard_D12_v2, Standard_D13_v2, Standard_D14_v2, Standard_D15_v2, Standard_DS12_v2, Standard_DS13_v2, Standard_DS14_v2, Standard_DS15_v2, Standard_E8s_v3, Standard_E16s_v3, Standard_E32s_v3, Standard_E64s_v3, Standard_L4s, Standard_L8s, Standard_L16s, Standard_L32s, Standard_F4s, Standard_F8s, Standard_F16s, Standard_H16, Standard_F4s_v2, Standard_F8s_v2, Standard_F16s_v2, Standard_F32s_v2, Standard_F64s_v2, Standard_F72s_v2, Standard_NC12, Standard_NC24, Standard_NC6s_v3, Standard_NC12s_v3, Standard_NC24s_v3, Standard_L8s_v2, Standard_L16s_v2, Standard_L32s_v2, Standard_L64s_v2, Standard_L80s_v2.",Bad authoring.,Refer to the error message.,
Azure Databricks,3202,,"There were already 1000 jobs created in past 3600 seconds, exceeding rate limit: 1000 job creations per 3600 seconds.",Too many Databricks runs in an hour.,"Check all pipelines that use this Databricks workspace for their job creation rate. If pipelines launched too many Databricks runs in aggregate, migrate some pipelines to a new workspace.",
Azure Databricks,3202,,"Could not parse request object: Expected 'key' and 'value' to be set for JSON map field base_parameters, got 'key: ""...""' instead.",Authoring error: No value provided for the parameter.,Inspect the pipeline JSON and ensure all parameters in the baseParameters notebook specify a nonempty value.,
Azure Databricks,3202,,"User: 'SimpleUserContext{userId=..., name=user@company.com, orgId=...}' is not authorized to access cluster.",The user who generated the access token isn't allowed to access the Databricks cluster specified in the linked service.,Ensure the user has the required permissions in the workspace.,
Azure Databricks,3202,,Job is not fully initialized yet. Please retry later.,The job hasn't initialized.,Wait and try again later.,
Azure Databricks,3203,,"The cluster is in Terminated state, not available to receive jobs. Please fix the cluster or retry later.","The cluster was terminated. For interactive clusters, this issue might be a race condition.","To avoid this error, use job clusters.",
Azure Databricks,3204,,Job execution failed.,"Error messages indicate various issues, such as an unexpected cluster state or a specific activity. Often, no error message appears.",N/A,
Azure Databricks,3208,,An error occurred while sending the request.,"The network connection to the Databricks service was interrupted. This issue is caused by a recent change, which is by design. After the change, if the result is a number that starts with zero, Azure Data Factory will convert the number to the octal value, which is a bug. This number is always 0 or 1, which never caused issues before the change. So to fix the octal conversion, the string output is passed from the Notebook run as is.","If you're using a self-hosted integration runtime, make sure that the network connection is reliable from the integration runtime nodes. If you're using Azure integration runtime, retry usually works. The Boolean run output starts coming as string instead of expected int Symptoms: Your Boolean run output starts coming as string (for example, ""0"" or ""1"" ) instead of expected int (for example, 0 or 1 ). You noticed this change on September 28, 2021 at around 9 AM IST when your pipeline relying on this output started failing. No change was made on the pipeline, and the Boolean output data arrived as expected prior to the failure. Change the if condition to something like if(value==""0"") . Azure Data Lake Analytics The following table applies to U-SQL.",
Azure Data Lake Analytics,2709,,The access token is from the wrong tenant.,Incorrect Microsoft Entra tenant.,Incorrect Microsoft Entra tenant.,
Azure Data Lake Analytics,2709,,We cannot accept your job at this moment. The maximum number of queued jobs for your account is 200.,This error is caused by throttling on Data Lake Analytics.,"Reduce the number of submitted jobs to Data Lake Analytics. Either change triggers and concurrency settings on activities, or increase the limits on Data Lake Analytics.",
Azure Data Lake Analytics,2709,,This job was rejected because it requires 24 AUs. This account's administrator-defined policy prevents a job from using more than 5 AUs.,This error is caused by throttling on Data Lake Analytics.,"Reduce the number of submitted jobs to Data Lake Analytics. Either change triggers and concurrency settings on activities, or increase the limits on Data Lake Analytics.",
Azure Data Lake Analytics,2705,,Forbidden. ACL verification failed. Either the resource does not exist or the user is not authorized to perform the requested operation.<br/> <br/> User is not able to access Data Lake Store. <br/> <br/> User is not authorized to use Data Lake Analytics.,The service principal or certificate doesn't have access to the file in storage.,"Verify that the service principal or certificate that the user provides for Data Lake Analytics jobs has access to both the Data Lake Analytics account, and the default Data Lake Storage instance from the root folder.",
Azure Data Lake Analytics,2711,,Forbidden. ACL verification failed. Either the resource does not exist or the user is not authorized to perform the requested operation.<br/> <br/> User is not able to access Data Lake Store. <br/> <br/> User is not authorized to use Data Lake Analytics.,The service principal or certificate doesn't have access to the file in storage.,"Verify that the service principal or certificate that the user provides for Data Lake Analytics jobs has access to both the Data Lake Analytics account, and the default Data Lake Storage instance from the root folder.",
Azure Data Lake Analytics,2711,,Cannot find the 'Azure Data Lake Store' file or folder.,"The path to the U-SQL file is wrong, or the linked service credentials don't have access.",Verify the path and credentials provided in the linked service.,
Azure Data Lake Analytics,2704,,Forbidden. ACL verification failed. Either the resource does not exist or the user is not authorized to perform the requested operation.<br/> <br/> User is not able to access Data Lake Store. <br/> <br/> User is not authorized to use Data Lake Analytics.,The service principal or certificate doesn't have access to the file in storage.,"Verify that the service principal or certificate that the user provides for Data Lake Analytics jobs has access to both the Data Lake Analytics account, and the default Data Lake Storage instance from the root folder.",
Azure Data Lake Analytics,2707,,Cannot resolve the account of AzureDataLakeAnalytics. Please check 'AccountName' and 'DataLakeAnalyticsUri'.,The Data Lake Analytics account in the linked service is wrong.,Verify that the right account is provided.,
Azure Data Lake Analytics,2703,,"Error Id: E_CQO_SYSTEM_INTERNAL_ERROR (or any error that starts with ""Error Id:"").",The error is from Data Lake Analytics.,"The job was submitted to Data Lake Analytics, and the script there, both failed. Investigate in Data Lake Analytics. In the portal, go to the Data Lake Analytics account and look for the job by using the Data Factory activity run ID (don't use the pipeline run ID). The job there provides more information about the error, and will help you troubleshoot. If the resolution isn't clear, contact the Data Lake Analytics support team and provide the job Universal Resource Locator (URL), which includes your account name and the job ID. Azure functions",
Azure functions,3602,,Invalid HttpMethod: '%method;'.,The Httpmethod specified in the activity payload isn't supported by Azure Function Activity.,"The supported Httpmethods are: PUT, POST, GET, DELETE, OPTIONS, HEAD, and TRACE.",
Azure functions,3603,,Response Content is not a valid JObject.,The Azure function that was called didn't return a JSON Payload in the response. Azure Data Factory and Synapse pipeline Azure function activity only support JSON response content.,"Update the Azure function to return a valid JSON Payload such as a C# function may return (ActionResult)new OkObjectResult("" {\""Id\"":\""123\""}"");",
Azure functions,3606,,Azure function activity missing function key.,The Azure function activity definition isn't complete.,Check that the input Azure function activity JSON definition has a property named functionKey .,
Azure functions,3607,,Azure function activity missing function name.,The Azure function activity definition isn't complete.,Check that the input Azure function activity JSON definition has a property named functionName .,
Azure functions,3608,,Call to provided Azure function '%FunctionName;' failed with status- '%statusCode;' and message - '%message;'.,The Azure function details in the activity definition may be incorrect.,Fix the Azure function details and try again.,
Azure functions,3609,,Azure function activity missing functionAppUrl.,The Azure function activity definition isn't complete.,Check that the input Azure Function activity JSON definition has a property named functionAppUrl .,
Azure functions,3610,,There was an error while calling endpoint.,The function URL may be incorrect.,Verify that the value for functionAppUrl in the activity JSON is correct and try again.,
Azure functions,3611,,Azure function activity missing Method in JSON.,The Azure function activity definition isn't complete.,Check that the input Azure function activity JSON definition has a property named method .,
Azure functions,3612,,Azure function activity missing LinkedService definition in JSON.,The Azure function activity definition isn't complete.,Check that the input Azure function activity JSON definition has linked service details. Azure Machine Learning,
Azure Machine Learning,4101,,AzureMLExecutePipeline activity '%activityName;' has invalid value for property '%propertyName;'.,Bad format or missing definition of property %propertyName; .,Check if the activity %activityName; has the property %propertyName; defined with correct data.,
Azure Machine Learning,4110,,AzureMLExecutePipeline activity missing LinkedService definition in JSON.,The AzureMLExecutePipeline activity definition isn't complete.,Check that the input AzureMLExecutePipeline activity JSON definition has correctly linked service details.,
JSON,4111,,"AzureMLExecutePipeline activity has wrong LinkedService type in JSON. Expected LinkedService type: '%expectedLinkedServiceType;', current LinkedService type: Expected LinkedService type: '%currentLinkedServiceType;'.",Incorrect activity definition.,Check that the input AzureMLExecutePipeline activity JSON definition has correctly linked service details.,
JSON,4112,,AzureMLService linked service has invalid value for property '%propertyName;'.,Bad format or missing definition of property '%propertyName;'.,Check if the linked service has the property %propertyName; defined with correct data.,
JSON,4121,,Request sent to Azure Machine Learning for operation '%operation;' failed with http status code '%statusCode;'. Error message from Azure Machine Learning: '%externalMessage;'.,The Credential used to access Azure Machine Learning has expired.,Verify that the credential is valid and retry.,
JSON,4122,,Request sent to Azure Machine Learning for operation '%operation;' failed with http status code '%statusCode;'. Error message from Azure Machine Learning: '%externalMessage;'.,"The credential provided in Azure Machine Learning Linked Service is invalid, or doesn't have permission for the operation.","Verify that the credential in Linked Service is valid, and has permission to access Azure Machine Learning.",
JSON,4123,,Request sent to Azure Machine Learning for operation '%operation;' failed with http status code '%statusCode;'. Error message from Azure Machine Learning: '%externalMessage;'.,The properties of the activity such as pipelineParameters are invalid for the Azure Machine Learning (ML) pipeline.,Check that the value of activity properties matches the expected payload of the published Azure Machine Learning pipeline specified in Linked Service.,
JSON,4124,,Request sent to Azure Machine Learning for operation '%operation;' failed with http status code '%statusCode;'. Error message from Azure Machine Learning: '%externalMessage;'.,The published Azure Machine Learning pipeline endpoint doesn't exist.,Verify that the published Azure Machine Learning pipeline endpoint specified in Linked Service exists in Azure Machine Learning.,
JSON,4125,,Request sent to Azure Machine Learning for operation '%operation;' failed with http status code '%statusCode;'. Error message from Azure Machine Learning: '%externalMessage;'.,There is a server error on Azure Machine Learning.,Retry later. Contact the Azure Machine Learning team for help if the issue continues.,
JSON,4126,,Azure ML pipeline run failed with status: '%amlPipelineRunStatus;'. Azure ML pipeline run Id: '%amlPipelineRunId;'. Please check in Azure Machine Learning for more error logs.,The Azure Machine Learning pipeline run failed.,"Check Azure Machine Learning for more error logs, then fix the ML pipeline. Azure Synapse Analytics",
Azure Synapse Analytics,3250,,"There are not enough resources available in the workspace, details: '%errorMessage;'",Insufficient resources,"Try ending the running job(s) in the workspace, reducing the numbers of vCores requested, increasing the workspace quota or using another workspace.",
Azure Synapse Analytics,3251,,"There are not enough resources available in the pool, details: '%errorMessage;'",Insufficient resources,"Try ending the running job(s) in the pool, reducing the numbers of vCores requested, increasing the pool maximum size or using another pool.",
Azure Synapse Analytics,3252,,"There are not enough vcores available for your spark job, details: '%errorMessage;'",Insufficient virtual cores,"Try reducing the numbers of vCores requested or increasing your vCore quota. For more information, see Apache Spark core concepts.",
Azure Synapse Analytics,3253,,There are substantial concurrent MappingDataflow executions which is causing failures due to throttling under the Integration Runtime used for ActivityId: '%activityId;'.,Throttling threshold was reached.,Retry the request after a wait period.,
Azure Synapse Analytics,3254,,AzureSynapseArtifacts linked service has invalid value for property '%propertyName;'.,Bad format or missing definition of property '%propertyName;'.,Check if the linked service has property '%propertyName;' defined with correct data. Common,
Common,2103,,Please provide value for the required property '%propertyName;'.,The required value for the property has not been provided.,Provide the value from the message and try again.,
Common,2104,,The type of the property '%propertyName;' is incorrect.,The provided property type isn't correct.,Fix the type of the property and try again.,
Common,2105,,An invalid json is provided for property '%propertyName;'. Encountered an error while trying to parse: '%message;'.,The value for the property is invalid or isn't in the expected format.,Refer to the documentation for the property and verify that the value provided includes the correct format and type.,
Web Activity,2105,,"The value type '<provided data type>', in key '<key name>' is not expected type '<expected data type>'",Data generated in the dynamic content expression doesn't match with the key and causes JSON parsing failure.,Look at the key field and fix the dynamic content definition.,
Common,2106,,The storage connection string is invalid. %errorMessage;,The connection string for the storage is invalid or has incorrect format.,"Go to the Azure portal and find your storage, then copy-and- paste the connection string into your linked service and try again.",
Common,2110,,The linked service type '%linkedServiceType;' is not supported for '%executorType;' activities.,The linked service specified in the activity is incorrect.,"Verify that the linked service type is one of the supported types for the activity. For example, the linked service type for HDI activities can be HDInsight or HDInsightOnDemand.",
HDInsight,2111,,The type of the property '%propertyName;' is incorrect. The expected type is %expectedType;.,The type of the provided property isn't correct.,Fix the property type and try again.,
HDInsight,2112,,The cloud type is unsupported or could not be determined for storage from the EndpointSuffix '%endpointSuffix;'.,The cloud type is unsupported or couldn't be determined for storage from the EndpointSuffix.,Use storage in another cloud and try again. Custom The following table applies to Azure Batch.,
Custom,2500,,Hit unexpected exception and execution failed.,"Can't launch command, or the program returned an error code.","Ensure that the executable file exists. If the program started, verify that stdout.txt and stderr.txt were uploaded to the storage account. It's a good practice to include logs in your code for debugging.",
Custom,2501,,Cannot access user batch account; please check batch account settings.,Incorrect Batch access key or pool name.,Verify the pool name and the Batch access key in the linked service.,
Custom,2502,,Cannot access user storage account; please check storage account settings.,Incorrect storage account name or access key.,Verify the storage account name and the access key in the linked service.,
Custom,2504,,Operation returned an invalid status code 'BadRequest'.,"Too many files in the folderPath of the custom activity. The total size of resourceFiles can't be more than 32,768 characters.","Remove unnecessary files, or Zip them and add an unzip command to extract them. For example, use powershell.exe -nologo -noprofile -command ""& { Add-Type -A 'System.IO.Compression.FileSystem'; [IO.Compression.ZipFile]::ExtractToDirectory($zipFile, $folder); }"" ; $folder\yourProgram.exe",
Custom,2505,,Cannot create Shared Access Signature unless Account Key credentials are used.,Custom activities support only storage accounts that use an access key.,Refer to the error description.,
Custom,2507,,The folder path does not exist or is empty: ...,No files are in the storage account at the specified path.,The folder path must contain the executable files you want to run.,
Custom,2508,,There are duplicate files in the resource folder.,Multiple files of the same name are in different subfolders of folderPath.,"Custom activities flatten folder structure under folderPath. If you need to preserve the folder structure, zip the files and extract them in Azure Batch by using an unzip command. For example, use powershell.exe -nologo -noprofile -command ""& { Add-Type -A 'System.IO.Compression.FileSystem'; [IO.Compression.ZipFile]::ExtractToDirectory($zipFile, $folder); }"" ; $folder\yourProgram.exe",
Custom,2509,,Batch url ... is invalid; it must be in Uri format.,Batch URLs must be similar to https://mybatchaccount.eastus.batch.azure.com,Refer to the error description.,
Custom,2510,,An error occurred while sending the request.,The batch URL is invalid.,Verify the batch URL. HDInsight,
HDInsight,206,,The batch ID for Spark job is invalid. Please retry your job.,There was an internal problem with the service that caused this error.,This issue could be transient. Retry your job after sometime.,
HDInsight,207,,Could not determine the region from the provided storage account. Please try using another primary storage account for the on demand HDI.,There was an internal error while trying to determine the region from the primary storage account.,Try another storage.,
HDInsight,208,,Service Principal or the MSI authenticator are not instantiated. Please consider providing a Service Principal in the HDI on demand linked service which has permissions to create an HDInsight cluster in the provided subscription and try again.,There was an internal error while trying to read the Service Principal or instantiating the MSI authentication.,"Consider providing a service principal, which has permissions to create an HDInsight cluster in the provided subscription and try again. Verify that the Manage Identities are set up correctly.",
HDInsight,2300,,Failed to submit the job '%jobId;' to the cluster '%cluster;'. Error: %errorMessage;.,"The error message contains a message similar to The remote name could not be resolved. . The provided cluster URI might be invalid. If the error message contains a message similar to A task was canceled. , the job submission timed out. When the error message contains a message similar to User admin is locked out in Ambari or Unauthorized: Ambari user name or password is incorrect , the credentials for HDInsight are incorrect or have expired. When the error message contains a message similar to 502 - Web server received an invalid response while acting as a gateway or proxy server , this error is returned by HDInsight service. When the error message contains a message similar to Unable to service the submit job request as templeton service is busy with too many submit job requests or Queue root.joblauncher already has 500 applications, cannot accept submission of application , too many jobs are being submitted to HDInsight at the same time.","Verify that the cluster hasn't been deleted, and that the provided URI is correct. When you open the URI in a browser, you should see the Ambari UI. If the cluster is in a virtual network, the URI should be the private URI. To open it, use a Virtual Machine (VM) that is part of the same virtual network. For more information, see Directly connect to Apache Hadoop services. The problem could be either general HDInsight connectivity or network connectivity. First confirm that the HDInsight Ambari UI is available from any browser. Then check that your credentials are still valid. If you're using a self-hosted integrated runtime (IR), perform this step from the VM or machine where the self-hosted IR is installed. Then try submitting the job again. For more information, read Ambari Web UI. Correct the credentials and redeploy the linked service. First verify that the credentials work on HDInsight by opening the cluster URI on any browser and trying to sign in.",
HDInsight,2301,,Could not get the status of the application '%physicalJobId;' from the HDInsight service. Received the following error: %message;. Please refer to HDInsight troubleshooting documentation or contact their support for further assistance.,HDInsight cluster or service has issues.,"This error occurs when the service doesn't receive a response from HDInsight cluster when attempting to request the status of the running job. This issue might be on the cluster itself, or HDInsight service might have an outage. Refer to HDInsight troubleshooting documentation, or contact Microsoft support for further assistance.",
HDInsight,2302,,"Hadoop job failed with exit code '%exitCode;'. See '%logPath;/stderr' for more details. Alternatively, open the Ambari UI on the HDI cluster and find the logs for the job '%jobId;'. Contact HDInsight team for further support.",The job was submitted to the HDI cluster and failed there.,"1. Check Ambari UI: a. Ensure that all services are still running. b. From Ambari UI, check the alert section in your dashboard. i. For more information on alerts and resolutions to alerts, see Managing and Monitoring a Cluster . c. Review your YARN memory. If your YARN memory is high, the processing of your jobs may be delayed. If you do not have enough resources to accommodate your Spark application/job, scale up the cluster to ensure the cluster has enough memory and cores. 2. Run a Sample test job. a. If you run the same job on HDInsight backend, check that it succeeded. For examples of sample runs, see Run the MapReduce examples included in HDInsight 3. If the job still failed on HDInsight, check the application logs and information, which to provide to Support: a. Check whether the job was submitted to YARN. If the job wasn't submitted to yarn, use --master yarn . b. If the application finished execution, collect the start time and end time of the YARN Application.",
HDInsight,2303,,"Hadoop job failed with transient exit code '%exitCode;'. See '%logPath;/stderr' for more details. Alternatively, open the Ambari UI on the HDI cluster and find the logs for the job '%jobId;'. Try again or contact HDInsight team for further support.",The job was submitted to the HDI cluster and failed there.,"1. Check Ambari UI: a. Ensure that all services are still running. b. From Ambari UI, check the alert section in your dashboard. i. For more information on alerts and resolutions to alerts, see Managing and Monitoring a Cluster . c. Review your YARN memory. If your YARN memory is high, the processing of your jobs may be delayed. If you do not have enough resources to accommodate your Spark application/job, scale up the cluster to ensure the cluster has enough memory and cores. 2. Run a Sample test job. a. If you run the same job on HDInsight backend, check that it succeeded. For examples of sample runs, see Run the MapReduce examples included in HDInsight 3. If the job still failed on HDInsight, check the application logs and information, which to provide to Support: a. Check whether the job was submitted to YARN. If the job wasn't submitted to yarn, use --master yarn . b. If the application finished execution, collect the start time and end time of the YARN Application.",
HDInsight,2304,,MSI authentication is not supported on storages for HDI activities.,"The storage linked services used in the HDInsight (HDI) linked service or HDI activity, are configured with an MSI authentication that isn't supported.",Provide full connection strings for storage accounts used in the HDI linked service or HDI activity.,
HDInsight,2305,,Failed to initialize the HDInsight client for the cluster '%cluster;'. Error: '%message;',"The connection information for the HDI cluster is incorrect, the provided user doesn't have permissions to perform the required action, or the HDInsight service has issues responding to requests from the service.","Verify that the user information is correct, and that the Ambari UI for the HDI cluster can be opened in a browser from the VM where the IR is installed (for a self-hosted IR), or can be opened from any machine (for Azure IR).",
HDInsight,2306,,An invalid json is provided for script action '%scriptActionName;'. Error: '%message;',The JSON provided for the script action is invalid.,The error message should help to identify the issue. Fix the json configuration and try again. Check Azure HDInsight on-demand linked service for more information.,
HDInsight,2310,,Failed to submit Spark job. Error: '%message;',"The service tried to create a batch on a Spark cluster using Livy API (livy/batch), but received an error.","Follow the error message to fix the issue. If there isn't enough information to get it resolved, contact the HDI team and provide them with the batch ID and job ID, which can be found in the activity run Output in the service Monitoring page. To troubleshoot further, collect the full log of the batch job. For more information on how to collect the full log, see Get the full log of a batch job.",
HDInsight,2312,,"Spark job failed, batch id:%batchId;. Please follow the links in the activity run Output from the service Monitoring page to troubleshoot the run on HDInsight Spark cluster. Please contact HDInsight support team for further assistance.",The job failed on the HDInsight Spark cluster.,"Follow the links in the activity run Output in the service Monitoring page to troubleshoot the run on HDInsight Spark cluster. Contact HDInsight support team for further assistance. For more information on how to collect the full log, see Get the full log of a batch job.",
HDInsight,2313,,The batch with ID '%batchId;' was not found on Spark cluster. Open the Spark History UI and try to find it there. Contact HDInsight support for further assistance.,The batch was deleted on the HDInsight Spark cluster.,"Troubleshoot batches on the HDInsight Spark cluster. Contact HDInsight support for further assistance. For more information on how to collect the full log, see Get the full log of a batch job, and share the full log with HDInsight support for further assistance.",
HDInsight,2328,,"Failed to create the on demand HDI cluster. Cluster or linked service name: '%clusterName;', error: '%message;'",The error message should show the details of what went wrong.,The error message should help to troubleshoot the issue.,
HDInsight,2329,,"Failed to delete the on demand HDI cluster. Cluster or linked service name: '%clusterName;', error: '%message;'",The error message should show the details of what went wrong.,The error message should help to troubleshoot the issue.,
HDInsight,2331,,The file path should not be null or empty.,The provided file path is empty.,Provide a path for a file that exists.,
HDInsight,2340,,HDInsightOnDemand linked service does not support execution via SelfHosted IR. Your IR name is '%IRName;'. Please select an Azure IR instead.,The HDInsightOnDemand linked service doesn't support execution via SelfHosted IR.,Select an Azure IR and try again.,
HDInsight,2341,,"HDInsight cluster URL '%clusterUrl;' is incorrect, it must be in URI format and the scheme must be 'https'.",The provided URL isn't in correct format.,Fix the cluster URL and try again.,
HDInsight,2342,,Failed to connect to HDInsight cluster: '%errorMessage;'.,"Either the provided credentials are wrong for the cluster, or there was a network configuration or connection issue, or the IR is having problems connecting to the cluster.","1. Verify that the credentials are correct by opening the HDInsight cluster's Ambari UI in a browser. 2. If the cluster is in Virtual Network (VNet) and a self-hosted IR is being used, the HDI URL must be the private URL in VNets, and should have -int listed after the cluster name. For example, change https://mycluster.azurehdinsight.net/ to https://mycluster-int.azurehdinsight.net/ . Note the -int after mycluster , but before .azurehdinsight.net 3. If the cluster is in VNet, the self-hosted IR is being used, and the private URL was used, and yet the connection still failed, then the VM where the IR is installed had problems connecting to the HDI. Connect to the VM where the IR is installed and open the Ambari UI in a browser. Use the private URL for the cluster. This connection should work from the browser. If it doesn't, contact HDInsight support team for further assistance. 4. If self-hosted IR isn't being used, then the HDI cluster should be accessible publicly.",
HDInsight,2343,,User name and password cannot be null or empty to connect to the HDInsight cluster.,Either the user name or the password is empty.,Provide the correct credentials to connect to HDI and try again.,
HDInsight,2345,,Failed to read the content of the hive script. Error: '%message;',The script file doesn't exist or the service couldn't connect to the location of the script.,"Verify that the script exists, and that the associated linked service has the proper credentials for a connection.",
HDInsight,2346,,Failed to create ODBC connection to the HDI cluster with error message '%message;'.,"The service tried to establish an Open Database Connectivity (ODBC) connection to the HDI cluster, and it failed with an error.","1. Confirm that you correctly set up your ODBC/Java Database Connectivity (JDBC) connection. a. For JDBC, if you're using the same virtual network, you can get this connection from: Hive -> Summary -> HIVESERVER2 JDBC URL b. To ensure that you have the correct JDBC set up, see Query Apache Hive through the JDBC driver in HDInsight. c. For Open Database (ODB), see Tutorial: Query Apache Hive with ODBC and PowerShell to ensure that you have the correct setup. 2. Verify that Hiveserver2, Hive Metastore, and Hiveserver2 Interactive are active and working. 3. Check the Ambari user interface (UI): a. Ensure that all services are still running. b. From the Ambari UI, check the alert section in your dashboard. i. For more information on alerts and resolutions to alerts, see Managing and Monitoring a Cluster . 4. If these steps are not enough to resolve the issue, contact the Azure HDInsight team.",
HDInsight,2347,,Hive execution through ODBC failed with error message '%message;'.,"The service submitted the hive script for execution to the HDI cluster via ODBC connection, and the script has failed on HDI.","1. Confirm that you correctly set up your ODBC/Java Database Connectivity (JDBC) connection. a. For JDBC, if you're using the same virtual network, you can get this connection from: Hive -> Summary -> HIVESERVER2 JDBC URL b. To ensure that you have the correct JDBC set up, see Query Apache Hive through the JDBC driver in HDInsight. c. For Open Database (ODB), see Tutorial: Query Apache Hive with ODBC and PowerShell to ensure that you have the correct setup. 2. Verify that Hiveserver2, Hive Metastore, and Hiveserver2 Interactive are active and working. 3. Check the Ambari user interface (UI): a. Ensure that all services are still running. b. From the Ambari UI, check the alert section in your dashboard. i. For more information on alerts and resolutions to alerts, see Managing and Monitoring a Cluster . 4. If these steps are not enough to resolve the issue, contact the Azure HDInsight team.",
HDInsight,2348,,The main storage has not been initialized. Please check the properties of the storage linked service in the HDI linked service.,The storage linked service properties are not set correctly.,Only full connection strings are supported in the main storage linked service for HDI activities. Verify that you are not using MSI authorizations or applications.,
HDInsight,2350,,"Failed to prepare the files for the run '%jobId;'. HDI cluster: '%cluster;', Error: '%errorMessage;'","The credentials provided to connect to the storage where the files should be located are incorrect, or the files do not exist there.","This error occurs when the service prepares for HDI activities, and tries to copy files to the main storage before submitting the job to HDI. Check that files exist in the provided location, and that the storage connection is correct. As HDI activities do not support MSI authentication on storage accounts related to HDI activities, verify that those linked services have full keys or are using Azure Key Vault.",
HDInsight,2351,,Could not open the file '%filePath;' in container/fileSystem '%container;'.,The file doesn't exist at specified path.,"Check whether the file actually exists, and that the linked service with connection info pointing to this file has the correct credentials.",
HDInsight,2352,,The file storage has not been initialized. Please check the properties of the file storage linked service in the HDI activity.,The file storage linked service properties are not set correctly.,Verify that the properties of the file storage linked service are properly configured.,
HDInsight,2353,,The script storage has not been initialized. Please check the properties of the script storage linked service in the HDI activity.,The script storage linked service properties are not set correctly.,Verify that the properties of the script storage linked service are properly configured.,
HDInsight,2354,,The storage linked service type '%linkedServiceType;' is not supported for '%executorType;' activities for property '%linkedServicePropertyName;'.,The storage linked service type isn't supported by the activity.,"Verify that the selected linked service has one of the supported types for the activity. HDI activities support AzureBlobStorage and AzureBlobFSStorage linked services. For more information, read Compare storage options for use with Azure HDInsight clusters",
HDInsight,2355,,The '%value' provided for commandEnvironment is incorrect. The expected value should be an array of strings where each string has the format CmdEnvVarName=CmdEnvVarValue.,The provided value for commandEnvironment is incorrect.,"Verify that the provided value is similar to: ""commandEnvironment"": \""variableName=variableValue\"" ] Also verify that each variable appears in the list only once.",
HDInsight,2356,,The commandEnvironment already contains a variable named '%variableName;'.,The provided value for commandEnvironment is incorrect.,"Verify that the provided value is similar to: ""commandEnvironment"": \""variableName=variableValue\"" ] Also verify that each variable appears in the list only once.",
HDInsight,2357,,The certificate or password is wrong for ADLS Gen 1 storage.,The provided credentials are incorrect.,"Verify that the connection information in ADLS Gen 1 linked to the service, and verify that the test connection succeeds.",
HDInsight,2358,,The value '%value;' for the required property 'TimeToLive' in the on demand HDInsight linked service '%linkedServiceName;' has invalid format. It should be a timespan between '00:05:00' and '24:00:00'.,The provided value for the required property TimeToLive has an invalid format.,Update the value to the suggested range and try again.,
HDInsight,2359,,"The value '%value;' for the property 'roles' is invalid. Expected types are 'zookeeper', 'headnode', and 'workernode'.",The provided value for the property roles is invalid.,Update the value to be one of the suggestions and try again.,
HDInsight,2360,,The connection string in HCatalogLinkedService is invalid. Encountered an error while trying to parse: '%message;'.,The provided connection string for the HCatalogLinkedService is invalid.,Update the value to a correct Azure SQL connection string and try again.,
HDInsight,2361,,Failed to create on demand HDI cluster. Cluster name is '%clusterName;'.,"The cluster creation failed, and the service did not get an error back from HDInsight service.","Open the Azure portal and try to find the HDI resource with provided name, then check the provisioning status. Contact HDInsight support team for further assistance.",
HDInsight,2362,,Only Azure Blob storage accounts are supported as additional storages for HDInsight on demand linked service.,The provided additional storage was not Azure Blob storage.,Provide an Azure Blob storage account as an additional storage for HDInsight on-demand linked service. SSL error when linked service using HDInsight ESP cluster,
HDInsight,2362,,Failed to connect to HDInsight cluster: 'ERROR [HY000] [Microsoft] [DriverSupport] (1100) SSL certificate verification failed because the certificate is missing or incorrect.',The issue is most likely related with System Trust Store.,,"You can navigate to the path Microsoft Integration Runtime\4.0\Shared\ODBC Drivers\Microsoft Hive ODBC Driver\lib and open DriverConfiguration64.exe to change the setting. HDI activity stuck in preparing for cluster If the HDI activity is stuck in preparing for cluster, follow the guidelines below: 1. Make sure the timeout is greater than what is described below and wait for the execution to complete or until it is timed out, and wait for Time To Live (TTL) time before submitting new jobs. The max default time that it takes to spin up a cluster is 2 hours, and if you have any init script, it will add up, up to another 2 hours. 2. Make sure the storage and HDI are provisioned in the same region. 3. Make sure that the service principal used for accessing the HDI cluster is valid. 4. If the issue still persists, as a workaround, delete the HDI linked service and re- create it with a new name. Web Activity"
Web Activity,2001,,The length of execution output is over limit (around 4MB currently).,The execution output is greater than 4 MB in size but the maximum supported output response payload size is 4 MB.,"Make sure the execution output size does not exceed 4 MB. For more information, see How to scale out the size of data moving using Azure Data Factory.",
Web Activity,2002,,The payload including configurations on activity/dataSet/linked service is too large. Please check if you have settings with very large value and try to reduce its size.,The payload you are attempting to send is too large.,Refer to Payload is too large.,
Web Activity,2003,,"There are substantial concurrent external activity executions which is causing failures due to throttling under subscription <subscription id>, region <region code> and limitation <current limit>. Please reduce the concurrent executions. For limits, refer https://aka.ms/adflimits.",Too many activities are running concurrently. This can happen when too many pipelines are triggered at once.,Reduce pipeline concurrency. You might have to distribute the trigger time of your pipelines.,
Web Activity,2010,,The Self-hosted Integration Runtime ‘<SHIR name>’ is offline,The self-hosted integration runtime is offline or the Azure integration runtime is expired or not registered.,Make sure your self-hosted integration runtime is up and running. Refer to Troubleshoot self-hosted integration runtime for more information.,
Web Activity,2108,,Error calling the endpoint '<URL>'. Response status code: 'NA - Unknown'. More details: Exception message: 'NA - Unknown [ClientSideException] Invalid Url: <URL>. Please verify Url or integration runtime is valid and retry. Localhost URLs are allowed only with SelfHosted Integration Runtime',"Unable to reach the URL provided. This can occur because there was a network connection issue, the URL was unresolvable, or a localhost URL was being used on an Azure integration runtime.",Verify that the provided URL is accessible.,
Web Activity,2108,,Error calling the endpoint '%url;'. Response status code: '%code;',"The request failed due to an underlying issue such as network connectivity, a DNS failure, a server certificate validation, or a timeout.","Use Fiddler/Netmon/Wireshark to validate the request. Using Fiddler To use Fiddler to create an HTTP session of the monitored web application: 1. Download, install, and open Fiddler . 2. If your web application uses HTTPS, go to Tools > Fiddler Options > HTTPS. a. In the HTTPS tab, select both Capture HTTPS CONNECTs and Decrypt HTTPS traffic. 3. If your application uses TLS/SSL certificates, add the Fiddler certificate to your device. Go to: Tools > Fiddler Options > HTTPS > Actions > Export Root Certificate to Desktop. 4. Turn off capturing by going to File > Capture Traffic. Or press F12. 5. Clear your browser's cache so that all cached items are removed and must be downloaded again. 6. Create a request: 7. Select the Composer tab. a. Set the HTTP method and URL. b. If needed, add headers and a request body. c. Select Execute. 8. Turn on traffic capturing again, and complete the problematic transaction on your page. 9. Go to: File > Save > All Sessions.",
Web Activity,2113,,ExtractAuthorizationCertificate: Unable to generate a certificate from a Base64 string/password combination,Unable to generate certificate from Base64 string/password combination.,Verify that the Base64 encoded PFX certificate and password combination you are using are correctly entered.,
Web Activity,2403,,"Get access token from MSI failed for Datafactory <DF name>, region <region code>. Please verify resource url is valid and retry.",Unable to acquire an access token from the resource URL provided.,Verify that you have provided the correct resource URL for your managed identity. General REST continuation token NULL error,
Web Activity,2403,,"{""token"":null,""range"":{""min"":..}","When querying across multiple partitions/pages, backend service returns continuation token in JObject format with 3 properties: token, min and max key ranges, for instance, {""token"":null,""range"": {""min"":""05C1E9AB0DAD76"",""max"":""05C1E9CD673398""}}). Depending on source data, querying can result 0 indicating missing token though there is more data to fetch.","When the continuationToken is non-null, as the string {""token"":null,""range"":{""min"":""05C1E9AB0DAD76"",""max"":""05C1E9CD673398""}}, it is required to call queryActivityRuns API again with the continuation token from the previous response. You need to pass the full string for the query API again. The activities will be returned in the subsequent pages for the query result. You should ignore that there is empty array in this page, as long as the full continuationToken value != null, you need continue querying. For more details, please refer to REST api for pipeline run query. Activity stuck issue When you observe that the activity is running much longer than your normal runs with barely no progress, it may happen to be stuck. You can try canceling it and retry to see if it helps. If it's a copy activity, you can learn about the performance monitoring and troubleshooting from Troubleshoot copy activity performance; if it's a data flow, learn from Mapping data flows performance and tuning guide.",
Web Activity,2403,,The payload including configurations on activity/dataSet/linked service is too large. Please check if you have settings with very large value and try to reduce its size.,"The payload for each activity run includes the activity configuration, the associated dataset(s), and linked service(s) configurations if any, and a small portion of system properties generated per activity type. The limit of such payload size is 896 KB as mentioned in the Azure limits documentation for Data Factory and Azure Synapse Analytics. Your zip file is compressed by the algorithm of ""deflate64"", while the internal zip library of Azure Data Factory only supports ""deflate"". If the zip file is compressed by the Windows system and the overall file size exceeds a certain number, Windows will use ""deflate64"" by default, which is not supported in Azure Data Factory. On the other hand, if the file size is smaller or you use some third party zip tools that support specifying the compress algorithm, Windows will use ""deflate"" by default.","You hit this limit likely because you pass in one or more large parameter values from either upstream activity output or external, especially if you pass actual data across activities in control flow. Check if you can reduce the size of large parameter values, or tune your pipeline logic to avoid passing such values across activities and handle it inside the activity instead. Unsupported compression causes files to be corrupted Symptoms: You try to unzip a file that is stored in a blob container. A single copy activity in a pipeline has a source with the compression type set to ""deflate64"" (or any unsupported type). This activity runs successfully and produces the text file contained in the zip file. However, there is a problem with the text in the file, and this file appears corrupted. When this file is unzipped locally, it is fine.",
Web Activity,2403,,Operation on target ForEach1 failed: The execution of template action 'MainForEach1' failed: the result of the evaluation of 'foreach' expression '@pipeline().parameters.<parameterName>' is of type 'String'. The result must be a valid array.,"Even if in the Execute Pipeline you create the parameter of type array, as shown in the below image, the pipeline will fail. This is due to the fact that the payload is passed from the parent pipeline to the child as string. We can see it when we check the input passed to the child pipeline.","To solve the issue we can leverage the create array function as shown in the below image. Then our pipeline will succeed. And we can see in the input box that the parameter passed is an array. For more troubleshooting help, try these resources: Data Factory feature requests Troubleshoot the Change data capture resource in Azure Data Factory  Tip enterprises. Microsoft Fabric covers everything from data movement to data science, real-time analytics, business intelligence, and reporting. Learn how to start a new trial for free! This article provides suggestions on how to troubleshoot common problems with the change data capture resource in Azure Data Factory. Issue: Trouble enabling native CDC in my SQL source. For sources in SQL, two sets of tables are available: tables with native SQL CDC enabled and tables with time-based incremental columns. Follow these steps to configure native CDC for a specific source table in your SQL database.",
General,2200,UserErrorOdbcOperationFailed,The underlying connection was closed: An unexpected error occurred on a send.,This typically indicates an authentication failure during data transfer operations. This can occur when the remote party closes the transport stream.,Verify the source connection and test it to ensure it is functioning correctly. Check the authentication method used for the connection. Review firewall configuration settings for Azure Cosmos DB to ensure they allow the necessary traffic.,
General,20000,JreNotFound,Java Runtime Environment cannot be found on the Self-hosted Integration Runtime machine. It is required for parsing or writing to Parquet/ORC files. Make sure Java Runtime Environment has been installed on the Self-hosted Integration Runtime machine.,The self-hosted IR can't find Java Runtime. Java Runtime is required for reading particular sources.,"Check your integration runtime environment, see Use Self-hosted Integration Runtime.",
General,20002,JniException,An error occurred when invoking Java Native Interface.,"If the error message contains ""Can't create JVM: JNI return code [-6][JNI call failed: Invalid arguments.],"" the possible cause is that JVM can't be created because some illegal (global) arguments are set.","Sign in to the machine that hosts each node of your self-hosted integration runtime. Check to ensure that the system variable is set correctly, as follows: _JAVA_OPTIONS ""-Xms256m -Xmx16g"" with memory bigger than 8G . Restart all the integration runtime nodes, and then rerun the pipeline.",
General,20020,WildcardPathSinkNotSupported,Wildcard in path is not supported in sink dataset. Fix the path: '%setting;'.,The sink dataset doesn't support wildcard values.,"Check the sink dataset, and rewrite the path without using a wildcard value. FIPS issue Symptoms: Copy activity fails on a FIPS-enabled self-hosted IR machine with the following error",
General,20020,WildcardPathSinkNotSupported,This implementation is not part of the Windows Platform FIPS validated cryptographic algorithms.,"This error might occur when you copy data with connectors such as Azure Blob, SFTP, and so on. Federal Information Processing Standards (FIPS) defines a certain set of cryptographic algorithms that are allowed to be used. When FIPS mode is enabled on the machine, some cryptographic classes that copy activity depends on are blocked in some scenarios.",,"Learn why we’re not recommending ""FIPS Mode"" anymore , and evaluate whether you can disable FIPS on your self-hosted IR machine. Alternatively, if you only want to bypass FIPS and make the activity runs succeed, take the following steps: 1. Open the folder where Self-hosted IR is installed. The path is usually C:\Program Files\Microsoft Integration Runtime <IR version>\Shared. 2. Open the diawp.exe.config file and then, at the end of the <runtime> section, add <enforceFIPSPolicy enabled=""false""/> , as shown here: 3. Save the file, and then restart the Self-hosted IR machine."
General,20150,GetOAuth2AccessTokenErrorResponse,Failed to get access token from your token endpoint. Error returned from your authorization server: %errorResponse;.,"Your client ID or client secret is invalid, and the authentication failed in your authorization server.",Correct all OAuth2 client credential flow settings of your authorization server.,
General,20151,FailedToGetOAuth2AccessToken,Failed to get access token from your token endpoint. Error message: %errorMessage;.,OAuth2 client credential flow settings are invalid.,Correct all OAuth2 client credential flow settings of your authorization server.,
General,20152,OAuth2AccessTokenTypeNotSupported,"The token type '%tokenType;' from your authorization server is not supported, supported types: '%tokenTypes;'.",Your authorization server isn't supported.,Use an authorization server that can return tokens with supported token types.,
General,20153,OAuth2ClientIdColonNotAllowed,The character colon(:) is not allowed in clientId for OAuth2ClientCredential authentication.,Your client ID includes the invalid character colon ( : ).,Use a valid client ID.,
General,20523,ManagedIdentityCredentialObjectNotSupported,Managed identity credential is not supported in this version ('%version;') of Self Hosted Integration Runtime.,,Check the supported version and upgrade the integration runtime to a higher version.,
General,20551,QueryMissingFormatSettingsInDataset,The format settings are missing in dataset %dataSetName;.,"The dataset type is Binary, which isn't supported. For the file storage, the format settings are missing in the dataset.","Use the DelimitedText, JSON, Avro, Orc, or Parquet dataset instead. Deselect the ""Binary copy"" in the dataset, and set correct format settings.",
General,20552,QueryUnsupportedCommandBehavior,"The command behavior ""%behavior;"" is not supported.",,Don't add the command behavior as a parameter for preview or GetSchema API request URL.,
General,20701,DataConsistencyFailedToGetSourceFileMetadata,Failed to retrieve source file ('%name;') metadata to validate data consistency.,"There's a transient issue on the sink data store, or retrieving metadata from the sink data store isn't allowed.",,
General,20703,DataConsistencyFailedToGetSinkFileMetadata,Failed to retrieve sink file ('%name;') metadata to validate data consistency.,"There's a transient issue on the sink data store, or retrieving metadata from the sink data store isn't allowed.",,
General,20704,DataConsistencyValidationNotSupportedForNonDirectBinaryCopy,Data consistency validation is not supported in current copy activity settings.,The data consistency validation is only supported in the direct binary copy scenario.,Remove the 'validateDataConsistency' property in the copy activity payload.,
General,20705,DataConsistencyValidationNotSupportedForLowVersionSelfHostedIntegrationRunt,'validateDataConsistency' is not supported in this version ('%version;') of Self Hosted Integration Runtime.,,"Check the supported integration runtime version and upgrade it to a higher version, or remove the 'validateDataConsistency' property from copy activities.",
General,20741,SkipMissingFileNotSupportedForNonDirectBinaryCopy,"Skip missing file is not supported in current copy activity settings, it's only supported with direct binary copy with folder.",,Remove 'fileMissing' of the skipErrorFile setting in the copy activity payload.,
General,20742,SkipInconsistencyDataNotSupportedForNonDirectBinaryCopy,"Skip inconsistency is not supported in current copy activity settings, it's only supported with direct binary copy when validateDataConsistency is true.",,Remove 'dataInconsistency' of the skipErrorFile setting in the copy activity payload.,
General,20743,SkipForbiddenFileNotSupportedForNonDirectBinaryCopy,"Skip forbidden file is not supported in current copy activity settings, it's only supported with direct binary copy with folder.",,Remove 'fileForbidden' of the skipErrorFile setting in the copy activity payload.,
General,20744,SkipForbiddenFileNotSupportedForThisConnector,Skip forbidden file is not supported for this connector: ('%connectorName;').,,Remove 'fileForbidden' of the skipErrorFile setting in the copy activity payload.,
General,20745,SkipInvalidFileNameNotSupportedForNonDirectBinaryCopy,"Skip invalid file name is not supported in current copy activity settings, it's only supported with direct binary copy with folder.",,Remove 'invalidFileName' of the skipErrorFile setting in the copy activity payload.,
General,20746,SkipInvalidFileNameNotSupportedForSource,Skip invalid file name is not supported for '%connectorName;' source.,,Remove 'invalidFileName' of the skipErrorFile setting in the copy activity payload.,
General,20747,SkipInvalidFileNameNotSupportedForSink,Skip invalid file name is not supported for '%connectorName;' sink.,,Remove 'invalidFileName' of the skipErrorFile setting in the copy activity payload.,
General,20748,SkipAllErrorFileNotSupportedForNonBinaryCopy,"Skip all error file is not supported in current copy activity settings, it's only supported with binary copy with folder.",,Remove 'allErrorFile' in the skipErrorFile setting in the copy activity payload.,
General,20771,DeleteFilesAfterCompletionNotSupportedForNonDirectBinaryCopy,"'deleteFilesAfterCompletion' is not support in current copy activity settings, it's only supported with direct binary copy.",,Remove the 'deleteFilesAfterCompletion' setting or use direct binary copy.,
General,20772,DeleteFilesAfterCompletionNotSupportedForThisConnector,'deleteFilesAfterCompletion' is not supported for this connector: ('%connectorName;').,,Remove the 'deleteFilesAfterCompletion' setting in the copy activity payload.,
General,27002,FailedToDownloadCustomPlugins,Failed to download custom plugins.,Invalid download links or transient connectivity issues.,"Retry if the message shows that it's a transient issue. If the problem persists, contact the support team. General connector errors",
General connector errors,9611,UserErrorOdbcInvalidQueryString,The following ODBC Query is not valid: '%'.,You provide a wrong or invalid query to fetch the data/schemas.,"Verify your query is valid and can return data/schemas. Use Script activity if you want to execute nonquery scripts and your data store is supported. Alternatively, consider to use stored procedure that returns a dummy result to execute your nonquery scripts.",
General connector errors,11775,,Failed to connect to your instance of Azure Database for PostgreSQL flexible server. '%',"Exact cause depends on the text returned in '%' . If it's The operation has timed out, it can be because the instance of PostgreSQL is stopped or because the network connectivity method configured for your instance doesn't allow connections from the Integration Runtime selected. User or password provided is incorrect. If it's 28P01: password authentication failed for user <youruser>, it means that the user provided doesn't exist in the instance or that the password is incorrect. If it's 28000: no pg_hba.conf entry for host ""###.###.###.###"", user ""<youruser>"", database ""<yourdatabase>"", no encryption, it means that the encryption method selected isn't compatible with the configuration of the server.","Confirm that the user provided exists in your instance of PostgreSQL and that the password corresponds to the one currently assigned to that user. Make sure that the encryption method selected is accepted by your instance of PostgreSQL, based on its current configuration. If the network connectivity method of your instance is configured for Private access (virtual network integration), use a Self-Hosted Integration Runtime (IR) to connect to it. If it's configured for Public access (allowed IP addresses), it's recommended to use an Azure IR with managed virtual network and deploy a managed private endpoint to connect to your instance. When it's configured for Public access (allowed IP addresses) a less recommended alternative consists in creating firewall rules in your instance to allow traffic originating on the IP addresses used by the Azure IR you're using.",
Amazon S3,,S3OperationFailed,S3 operation failed for: %s3Message;.,Errors occur in Amazon S3 API.,"See the inner S3 message in the current error to check the error details. For more information, see Amazon S3 error responses . For more troubleshooting help, try these resources: Connector troubleshooting guide Data Factory feature requests Troubleshoot the Azure Blob Storage connector in Azure Data Factory and Azure Synapse  Tip enterprises. Microsoft Fabric covers everything from data movement to data science, real-time analytics, business intelligence, and reporting. Learn how to start a new trial for free! This article provides suggestions to troubleshoot common problems with the Azure Blob Storage connector in Azure Data Factory and Azure Synapse.",
Azure Synapse Analytics,,AzureBlobOperationFailed,"""Blob operation Failed. ContainerName: %containerName;, path: %path;.""",A problem with the Blob Storage operation.,"To check the error details, see Blob Storage error codes. For further help, contact the Blob Storage team. Invalid property during copy activity",
Azure Synapse Analytics,,AzureBlobOperationFailed,"Copy activity \<Activity Name> has an invalid ""source"" property. The source type is not compatible with the dataset \<Dataset Name> and its linked service \<Linked Service Name>. Please verify your input against.",The type defined in the dataset is inconsistent with the source or sink type that's defined in the copy activity.,,"Edit the dataset or pipeline JSON definition to make the types consistent, and then rerun the deployment."
Azure Synapse Analytics,,FIPSModeIsNotSupport,Fail to read data form Azure Blob Storage for Azure Blob connector needs MD5 algorithm which can't co-work with FIPS mode. Please change diawp.exe.config in self-hosted integration runtime install directory to disable FIPS policy following https://learn.microsoft.com/dotnet/framework/configure-apps/file- schema/runtime/enforcefipspolicy-element.,Then FIPS policy is enabled on the VM where the self-hosted integration runtime was installed.,Disable the FIPS mode on the VM where the self-hosted integration runtime was installed. Windows doesn't recommend the FIPS mode.,
Azure Synapse Analytics,,AzureBlobInvalidBlockSize,Block size should between %minSize; MB and 100 MB.,The block size is over the blob limitation. Error code: AzureStorageOperationFailedConcurrentWrite,,
Azure Synapse Analytics,,AzureBlobInvalidBlockSize,Error occurred when trying to upload a file. It's possible because you have multiple concurrent copy activities runs writing to the same file '%name;'. Check your ADF configuration.,You have multiple concurrent copy activity runs or applications writing to the same file. Error code: AzureAppendBlobConcurrentWriteConflict,,
Azure Synapse Analytics,,AzureBlobInvalidBlockSize,"Detected concurrent write to the same append blob file, it's possible because you have multiple concurrent copy activities runs or applications writing to the same file '%name;'. Please check your ADF configuration and retry.","Multiple concurrent writing requests occur, which causes conflicts on file content.",,
Azure Synapse Analytics,,AzureBlobFailedToCreateContainer,"Unable to create Azure Blob container. Endpoint: '%endpoint;', Container Name: '%containerName;'.",This error happens when copying data with Azure Blob Storage account public access.,"For more information about connection errors in the public endpoint, see Connection error in public endpoint. For more troubleshooting help, try these resources: Connector troubleshooting guide Data Factory feature requests Troubleshoot the Azure Cosmos DB connector in Azure Data Factory and Azure Synapse  Tip enterprises. Microsoft Fabric covers everything from data movement to data science, real-time analytics, business intelligence, and reporting. Learn how to start a new trial for free! This article provides suggestions to troubleshoot common problems with the Azure Cosmos DB and Azure Cosmos DB for NoSQL connectors in Azure Data Factory and Azure Synapse.",
Azure Synapse Analytics,,AzureBlobFailedToCreateContainer,"Request size is too large Symptoms: When you copy data into Azure Cosmos DB with a default write batch size, you receive the following error: Request size is too large.","Azure Cosmos DB limits the size of a single request to 2 MB. The formula is request size = single document size * write batch size. If your document size is large, the default behavior will result in a request size that's too large.",,"You can tune the write batch size. In the copy activity sink, reduce the write batch size value (the default value is 10000). If reducing the write batch size value to 1 still doesn't work, change your Azure Cosmos DB SQL API from V2 to V3. To complete this configuration, you have two options: Option 1: Change your authentication type to service principal or system- assigned managed identity or user-assigned managed identity. Option 2: If you still want to use account key authentication, follow these steps: 1. Create an Azure Cosmos DB for NoSQL linked service. 2. Update the linked service with the following template. JSON { ""name"": ""<CosmosDbV3>"", ""type"": ""Microsoft.DataFactory/factories/linkedservices"", ""properties"": { ""annotations"": [], ""type"": ""CosmosDb"", ""typeProperties"": { ""useV3"": true, ""accountEndpoint"": ""<account endpoint>"", ""database"": ""<database name>"", ""accountKey"": { ""type"": ""SecureString"", ""value"": ""<account key>"" } } } }"
Azure Synapse Analytics,,AzureBlobFailedToCreateContainer,"Unique index constraint violation Symptoms: When you copy data into Azure Cosmos DB, you receive the following error: Message=Partition range id 0 | Failed to import mini-batch. Exception was",,,
Azure Synapse Analytics,,AzureBlobFailedToCreateContainer,"{""Errors"":[""Encountered exception while executing function. Exception = Error: {\""Errors\"":[\""Unique index constraint violation.\""]}...","There are two possible causes: Cause 1: If you use Insert as the write behavior, this error means that your source data has rows or objects with same ID. Cause 2: If you use Upsert as the write behavior and you set another unique key to the container, this error means that your source data has rows or objects with different IDs but the same value for the defined unique key.",,"For cause 1, set Upsert as the write behavior. For cause 2, make sure that each document has a different value for the defined unique key."
Azure Synapse Analytics,,AzureBlobFailedToCreateContainer,"Request rate is large Symptoms: When you copy data into Azure Cosmos DB, you receive the following error: Type=Microsoft.Azure.Documents.DocumentClientException, Message=Message: {""Errors"":[""Request rate is large""]}","The number of used request units (RUs) is greater than the available RUs configured in Azure Cosmos DB. To learn how Azure Cosmos DB calculates RUs, see Request units in Azure Cosmos DB. Azure Data Factory and Synapse pipelines infer the schema from the first 10 Azure Cosmos DB documents. If some document columns or properties don't contain values, the schema isn't detected and consequently isn't displayed.",,"Try either of the following two solutions: Increase the container RUs number to a greater value in Azure Cosmos DB. This solution will improve the copy activity performance, but it will incur more cost in Azure Cosmos DB. Decrease writeBatchSize to a lesser value, such as 1000, and decrease parallelCopies to a lesser value, such as 1. This solution will reduce copy run performance, but it won't incur more cost in Azure Cosmos DB. Columns missing in column mapping Symptoms: When you import a schema for Azure Cosmos DB for column mapping, some columns are missing. You can tune the query as shown in the following code to force the column values to be displayed in the result set with empty values. Assume that the impossible column is missing in the first 10 documents). Alternatively, you can manually add the column for mapping. SQL select c.company, c.category, c.comments, (c.impossible??'') as impossible from c"
Azure Synapse Analytics,,AzureBlobFailedToCreateContainer,"The GuidRepresentation for the reader is CSharpLegacy Symptoms: When you copy data from Azure Cosmos DB MongoAPI or MongoDB with the universally unique identifier (UUID) field, you receive the following error: Failed to read data via MongoDB client., Source=Microsoft.DataTransfer.Runtime.MongoDbV2Connector,Type=System.FormatExc eption, Message=The GuidRepresentation for the reader is CSharpLegacy which requires the binary sub type to be UuidLegacy not UuidStandard.,Source=MongoDB.Bson,’“,","There are two ways to represent the UUID in Binary JSON (BSON): UuidStardard and UuidLegacy. By default, UuidLegacy is used to read data. You will receive an error if your UUID data in MongoDB is UuidStandard.",,"In the MongoDB connection string, add the uuidRepresentation=standard option. For more information, see MongoDB connection string."
MongoDB,,CosmosDbSqlApiOperationFailed,CosmosDbSqlApi operation Failed. ErrorMessage: %msg;.,A problem with the CosmosDbSqlApi operation. This applies to the Azure Cosmos DB for NoSQL connector specifically.,"To check the error details, see Azure Cosmos DB help document. For further help, contact the Azure Cosmos DB team. Error code: CosmosDbSqlApiPartitionKeyExceedStorage",
MongoDB,,CosmosDbSqlApiOperationFailed,"The size of data each logical partition can store is limited, current partitioning design and workload failed to store more than the allowed amount of data for a given partition key value.","The data size of each logical partition is limited, and the partition key reached the maximum size of your logical partition.","Check your Azure Cosmos DB partition design. For more information, see Logical partitions. For more troubleshooting help, try these resources: Connector troubleshooting guide Data Factory feature requests Troubleshoot the Azure Data Explorer connector in Azure Data Factory and Azure Synapse  Tip enterprises. Microsoft Fabric covers everything from data movement to data science, real-time analytics, business intelligence, and reporting. Learn how to start a new trial for free! This article provides suggestions to troubleshoot common problems with the Azure Data Explorer connector in Azure Data Factory and Azure Synapse. Error code: KustoMappingReferenceHasWrongKind",
MongoDB,,CosmosDbSqlApiOperationFailed,Mapping reference should be of kind 'Csv'. Mapping reference: '%reference;'. Kind '%kind;'.,The ingestion mapping reference is not CSV type.,Create a CSV ingestion mapping reference.,
Azure Synapse Analytics,,KustoWriteFailed,Write to Kusto failed with following error: '%message;'.,Wrong configuration or transient errors when the sink reads data from the source.,"For transient failures, set retries for the activity. For permanent failures, check your configuration and contact support. For more troubleshooting help, try these resources: Connector troubleshooting guide Data Factory feature requests Troubleshoot the Azure Data Lake Storage connectors in Azure Data Factory and Azure Synapse  Tip enterprises. Microsoft Fabric covers everything from data movement to data science, real-time analytics, business intelligence, and reporting. Learn how to start a new trial for free! This article provides suggestions to troubleshoot common problems with the Azure Data Lake Storage Gen1 and Gen2 connectors in Azure Data Factory and Azure Synapse. Azure Data Lake Storage Gen1",
Azure Synapse Analytics,,KustoWriteFailed,The underlying connection was closed: Could not establish trust relationship for the SSL/TLS secure channel. Symptoms: Copy activity fails with the following error:,,,
Azure Synapse Analytics,,KustoWriteFailed,"ErrorCode = UserErrorFailedFileOperation, Error Message = The underlying connection was closed: Could not establish trust relationship for the SSL/TLS secure channel.",The certificate validation failed during the TLS handshake.,,"As a workaround, use the staged copy to skip the Transport Layer Security (TLS) validation for Azure Data Lake Storage Gen1. You need to reproduce this issue and gather the network monitor (netmon) trace, and then engage your network team to check the local network configuration."
Azure Synapse Analytics,,KustoWriteFailed,The remote server returned an error: (403) Forbidden Symptoms: Copy activity fail with the following error:,,,
Azure Synapse Analytics,,KustoWriteFailed,"The remote server returned an error: (403) Forbidden. Response details: {""RemoteException"": {""exception"":""AccessControlException""""message"":""CREATE failed with error 0x83090aa2 (Forbidden. ACL verification failed. Either the resource does not exist or the user is not authorized to perform the requested operation.)....",One possible cause is that the service principal or managed identity you use doesn't have permission to access certain folders or files.,,"Grant appropriate permissions to all the folders and subfolders you need to copy. For more information, see Copy data to or from Azure Data Lake Storage Gen1."
Azure Synapse Analytics,,KustoWriteFailed,"Failed to get access token by using service principal. ADAL Error: service_unavailable Symptoms: Copy activity fails with the following error: Failed to get access token by using service principal. ADAL Error: service_unavailable, The remote server returned an error: (503) Server Unavailable.","When the Service Token Server (STS) that's owned by Microsoft Entra ID is not available, that means it's too busy to handle requests, and it returns HTTP error 503.",,Rerun the copy activity after several minutes. Azure Data Lake Storage Gen2
Azure Data Lake Storage Gen2,,ADLSGen2OperationFailed,ADLS Gen2 operation failed for: %adlsGen2Message;.%exceptionData;.,"Different causes may lead to this error. Check below list for possible cause analysis and related recommendation. If Azure Data Lake Storage Gen2 throws error Check the detailed error message thrown indicating some operation failed. by Azure Data Lake Storage Gen2. If the error is a transient failure, retry the operation. For further help, contact Azure Storage support, and provide the request ID in error message. If the error message contains the string To troubleshoot this error, see Copy and ""Forbidden"", the service principal or transform data in Azure Data Lake Storage managed identity you use might not have Gen2. sufficient permission to access Azure Data Lake Storage Gen2. If the error message contains the string The error might be caused by a transient ""InternalServerError"", the error is returned by failure. If so, retry the operation. If the issue Azure Data Lake Storage Gen2. persists, contact Azure Storage support and provide the request ID from the error message.",,
Parquet,,ADLSGen2ForbiddenError,ADLS Gen2 failed for forbidden: Storage operation % on % get failed with 'Operation returned an invalid status code 'Forbidden'.,There are two possible causes: 1. The integration runtime is blocked by network access in Azure storage account firewall settings. 2. The service principal or managed identity doesn’t have enough permission to access the data.,"1. Check your Azure storage account network settings to see whether the public network access is disabled. If disabled, use a managed virtual network integration runtime and create a private endpoint to access. For more information, see Managed virtual network and Build a copy pipeline using managed VNet and private endpoints. 2. If you have enabled selected virtual networks and IP addresses in your Azure storage account network setting: a. It's possible because some IP address ranges of your integration runtime are not allowed by your storage account firewall settings. Add the Azure integration runtime IP addresses or the self-hosted integration runtime IP address to your storage account firewall. For Azure integration runtime IP addresses, see Azure Integration Runtime IP addresses, and to learn how to add IP ranges in the storage account firewall, see Managing IP network rules. b.",
PostgreSQL,23704,AzurePostgreSqlNpgsqlDataTypeNotSupported,Partition column name must be specified.,"No partition column name is provided, and it couldn't be decided automatically.",,
PostgreSQL,23705,AzurePostgreSqlNpgsqlPartitionColumnNameNotProvid,"The data type of the chosen Partition Column, '%partitionColumn;', is '%dataType;' and this data type is not supported for partitioning.",,"Pick a partition column with int, bigint, smallint, serial, bigserial, smallserial, timestamp with or without time zone, time without time zone or date data type. For more troubleshooting help, try these resources: Connector troubleshooting guide Data Factory feature requests Troubleshoot the Azure Files connector in Azure Data Factory and Azure Synapse  Tip enterprises. Microsoft Fabric covers everything from data movement to data science, real-time analytics, business intelligence, and reporting. Learn how to start a new trial for free! This article provides suggestions to troubleshoot common problems with the Azure Files connector in Azure Data Factory and Azure Synapse.",
Azure Synapse Analytics,,AzureFileOperationFailed,Azure File operation Failed. Path: %path;. ErrorMessage: %msg;.,A problem with the Azure Files storage operation.,"To check the error details, see Azure Files help. For further help, contact the Azure Files team. For more troubleshooting help, try these resources: Connector troubleshooting guide Data Factory feature requests Troubleshoot the Azure Synapse Analytics, Azure SQL Database, SQL Server, Azure SQL Managed Instance, and Amazon RDS for SQL Server connectors in Azure Data Factory and Azure Synapse  Tip enterprises. Microsoft Fabric covers everything from data movement to data science, real-time analytics, business intelligence, and reporting. Learn how to start a new trial for free! This article provides suggestions to troubleshoot common problems with the Azure Synapse Analytics, Azure SQL Database, SQL Server, Azure SQL Managed Instance, and Amazon RDS for SQL Server connectors in Azure Data Factory and Azure Synapse.",
Azure Synapse Analytics,,SqlFailedToConnect,"Cannot connect to SQL Database: '%server;', Database: '%database;', User: '%user;'. Check the linked service configuration is correct, and make sure the SQL Database firewall allows the integration runtime to access.","Different causes can lead to this error. Check the following list for possible cause analysis and related recommendation. For Azure SQL, if the error message contains the On the Azure SQL firewall, set the string ""SqlErrorNumber=47073"", it means that public Deny public network access option network access is denied in the connectivity setting. to No. For more information, see Azure SQL connectivity settings. For Azure SQL, if the error message contains an SQL For a recommendation, see",,
Azure Synapse Analytics,,SqlOperationFailed,A database operation failed. Please search error to get more details.,"Different causes can lead to this error. Check the following list for possible cause analysis and related recommendation. If the error message contains the string ""SqlException"", If the SQL error isn't clear, try SQL Database throws an error indicating some specific to alter the database to the operation failed. latest compatibility level '150'. It can throw the latest version SQL errors. For more information, see the documentation. For more information about troubleshooting SQL issues, search by SQL error code in Database engine errors. For further help, contact Azure SQL support. If the error message contains the string Check the size of both the ""PdwManagedToNativeInteropException"", it's usually source and sink columns. For caused by a mismatch between the source and sink further help, contact Azure column sizes. SQL support.",,
Azure Synapse Analytics,,SqlUnauthorizedAccess,Cannot connect to '%connectorName;'. Detail Message: '%message;',The credentials are incorrect or the sign in account can't access the SQL database.,Check to ensure that the sign in account has sufficient permissions to access the SQL database.,
Azure Synapse Analytics,,SqlOpenConnectionTimeout,Open connection to database timeout after '%timeoutValue;' seconds.,The problem could be an SQL database transient failure.,Retry the operation to update the linked service connection string with a larger connection time-out value.,
Azure Synapse Analytics,,SqlAutoCreateTableTypeMapFailed,Type '%dataType;' in source side cannot be mapped to a type that supported by sink side(column name:'%columnName;') in autocreate table.,The autocreation table can't meet the source requirement.,"Update the column type in mappings, or manually create the sink table in the target server.",
Azure Synapse Analytics,,SqlDataTypeNotSupported,A database operation failed. Check the SQL errors.,"If the issue occurs in the SQL source and the error is related to SqlDateTime overflow, the data value exceeds the logic type range (1/1/1753 12:00:00 AM - 12/31/9999 11:59:59 PM). If the issue occurs on the SQL sink and the error is related to SqlDateTime overflow, the data value exceeds the allowed range in the sink table.","Cast the type to the string in the source SQL query or, in the copy activity column mapping, change the column type to String. Update the corresponding column type to the datetime2 type in the sink table.",
Azure Synapse Analytics,,SqlInvalidDbStoredProcedure,The specified Stored Procedure is not valid. It could be caused by that the stored procedure doesn't return any data. Invalid Stored Procedure script: '%scriptName;'.,"Different causes can lead to this error. Check the following list for possible cause analysis and related recommendation. The specified stored procedure is invalid. Validate the stored procedure by using SQL Tools. Make sure that the stored procedure can return data. The Lookup activity requires the stored Use the Stored Procedure Activity if the procedure to return some value, but the stored procedure is expected to return no stored procedure code doesn't return any data. value.",,
Azure Synapse Analytics,,SqlInvalidDbQueryString,The specified SQL Query is not valid. It could be caused by that the query doesn't return any data. Invalid query: '%query;',The specified SQL query is invalid. The cause might be that the query doesn't return any data.,Validate the SQL query by using SQL Tools. Make sure that the query can return data.,
Azure Synapse Analytics,,SqlInvalidColumnName,"Column '%column;' does not exist in the table '%tableName;', ServerName: '%serverName;', DatabaseName: '%dbName;'.",The column can't be found because the configuration might be incorrect.,"Verify the column in the query, structure in the dataset, and mappings in the activity.",
Azure Synapse Analytics,,SqlBatchWriteTimeout,Timeouts in SQL write operation.,The problem could be caused by an SQL database transient failure.,"Retry the operation. If the problem persists, contact Azure SQL support.",
Azure SQL,,SqlBatchWriteTransactionFailed,SQL transaction commits failed.,"If exception details constantly indicate a transaction time out, the network latency between the integration runtime and the database is greater than the default threshold of 30 seconds. If the exception details intermittently indicate that the SQL connection is broken, it might be a transient network failure or an SQL database side issue.",Update the SQL-linked service connection string with a connection timeout value that's equal to or greater than 120 and rerun the activity. Retry the activity and review the SQL database side metrics.,
Azure SQL,,SqlBulkCopyInvalidColumnLength,SQL Bulk Copy failed due to receive an invalid column length from the bcp client.,SQL Bulk Copy failed because it received an invalid column length from the bulk copy program (bcp) utility client.,"To identify which row has encountered the problem, enable the fault tolerance feature on the copy activity. This can redirect problematic rows to the storage for further investigation. For more information, see Fault tolerance of copy activity.",
Azure SQL,,SqlConnectionIsClosed,The connection is closed by SQL Database.,The SQL connection is closed by the SQL database when a high concurrent run and the server terminate the connection.,"Retry the connection. If the problem persists, contact Azure SQL support. Error code: SqlServerInvalidLinkedServiceCredentialMissing",
Azure SQL,,SqlConnectionIsClosed,The SQL Server linked service is invalid with its credential being missing.,The linked service wasn't configured properly.,Validate and fix the SQL server linked service. Error code: SqlParallelFailedToDetectPartitionColumn,
Azure SQL,,SqlConnectionIsClosed,"Failed to detect the partition column with command '%command;', %message;.",There's no primary key or unique key in the table.,Check the table to make sure that a primary key or a unique index is created. Error code: SqlParallelFailedToDetectPhysicalPartitions,
Azure SQL,,SqlConnectionIsClosed,"Failed to detect the physical partitions with command '%command;', %message;.",No physical partitions are created for the table. Check your database.,Reference Create Partitioned Tables and Indexes to solve this issue. Error code: SqlParallelFailedToGetPartitionRangeSynapse,
Azure SQL,,SqlConnectionIsClosed,"Failed to get the partitions for azure synapse with command '%command;', %message;.",No physical partitions are created for the table. Check your database.,Reference Partitioning tables in dedicated SQL pool to solve this issue.,
Azure SQL,,SqlConnectionIsClosed,"Conversion failed when converting from a character string to uniqueidentifier Symptoms: When you copy data from a tabular data source (such as SQL Server) into Azure Synapse Analytics using staged copy and PolyBase, you receive the following error: ErrorCode=FailedDbOperation,Type=Microsoft.DataTransfer.Common.Shared.HybridDe liveryException, Message=Error happened when loading data into Azure Synapse Analytics., Source=Microsoft.DataTransfer.ClientLibrary,Type=System.Data.SqlClient.SqlExce ption, Message=Conversion failed when converting from a character string to uniqueidentifier...",Azure Synapse Analytics PolyBase can't convert an empty string to a GUID.,,"In the copy activity sink, under PolyBase settings, set the use type default option to false."
Azure SQL,,SqlConnectionIsClosed,"Expected data type: DECIMAL(x,x), Offending value Symptoms: When you copy data from a tabular data source (such as SQL Server) into Azure Synapse Analytics by using staged copy and PolyBase, you receive the following error: ErrorCode=FailedDbOperation,Type=Microsoft.DataTransfer.Common.Shared.HybridDe liveryException, Message=Error happened when loading data into Azure Synapse Analytics., Source=Microsoft.DataTransfer.ClientLibrary,Type=System.Data.SqlClient.SqlExce ption, Message=Query aborted-- the maximum reject threshold (0 rows) was reached while reading from an external source: 1 rows rejected out of total 415 rows processed. (/file_name.txt) Column ordinal: 18, Expected data type: DECIMAL(x,x), Offending value:..",Azure Synapse Analytics PolyBase can't insert an empty string (null value) into a decimal column.,,"In the copy activity sink, under PolyBase settings, set the use type default option to false."
Azure SQL,,SqlConnectionIsClosed,"Java exception message: HdfsBridge::CreateRecordReader Symptoms: You copy data into Azure Synapse Analytics by using PolyBase and receive the following error: Message=110802;An internal DMS error occurred that caused this operation to fail. Details: Exception: Microsoft.SqlServer.DataWarehouse.DataMovement.Common.ExternalAccess.HdfsAcces sException, Message: Java exception raised on call to HdfsBridge_CreateRecordReader. Java exception",,,
Azure SQL,,SqlConnectionIsClosed,HdfsBridge::CreateRecordReader - Unexpected error encountered creating the record reader.: Error [HdfsBridge::CreateRecordReader - Unexpected error encountered creating the record reader.] occurred while accessing external file.....,"The cause might be that the schema (total column width) is too large (larger than 1 MB). Check the schema of the target Azure Synapse Analytics table by adding the size of all columns: Int = 4 bytes Bigint = 8 bytes Varchar(n), char(n), binary(n), varbinary(n) = n bytes Nvarchar(n), nchar(n) = n*2 bytes Date = 6 bytes Datetime/(2), smalldatetime = 16 bytes Datetimeoffset = 20 bytes Decimal = 19 bytes Float = 8 bytes Money = 8 bytes Smallmoney = 4 bytes Real = 4 bytes Smallint = 2 bytes Time = 12 bytes Tinyint = 1 byte",,Reduce column width to less than 1 MB. Or use a bulk insert approach by disabling PolyBase.
Azure SQL,,SqlConnectionIsClosed,The condition specified using HTTP conditional header(s) isn't met Symptoms: You use SQL query to pull data from Azure Synapse Analytics and receive the following error: ...StorageException: The condition specified using HTTP conditional header(s) is not met...,Azure Synapse Analytics encountered an issue while querying the external table in Azure Storage. Azure SQL Database s1 has hit input/output (I/O) limits.,,"Run the same query in SQL Server Management Studio (SSMS) and check to see whether you get the same result. If you do, open a support ticket to Azure Synapse Analytics and provide your Azure Synapse Analytics server and database name. Performance tier is low and leads to copy failure Symptoms: You copy data into Azure SQL Database and receive the following error: Database operation failed. Error message from database execution : ExecuteNonQuery requires an open and available Connection. The connection's current state is closed. Upgrade the Azure SQL Database performance tier to fix the issue."
Azure SQL,,SqlConnectionIsClosed,String or binary data is truncated Symptoms: An error occurs when you copy data into an on-premises Azure SQL Server table.,The SQL table schema definition has one or more columns with less length than expected.,,"To resolve the issue, try the following: 1. To troubleshoot which rows have the issue, apply SQL sink fault tolerance, especially redirectIncompatibleRowSettings . ７ Note Fault tolerance might require extra execution time, which could lead to higher costs. 2. Double-check the redirected data against the SQL table schema column length to see which columns need to be updated. 3. Update the table schema accordingly."
Azure SQL,,FailedDbOperation,User does not have permission to perform this action.,,"Make sure the user configured in the Azure Synapse Analytics connector must have 'CONTROL' permission on the target database while using PolyBase to load data. For more detailed information, refer to this document.",
Azure Synapse Analytics,,Msg 105208,"Currently, ingesting data using the COPY command into an Azure Storage account that is using the new DNS partitioning feature results in an error. DNS partition feature enables customers to create up to 5,000 storage accounts per subscription. Resolutions: Provision a storage account in a subscription that doesn't use the new Azure Storage DNS partition feature (currently in Public Preview).",,,
Azure Synapse Analytics,,SqlDeniedPublicAccess,"Cannot connect to SQL Database: '%server;', Database: '%database;', Reason: Connection was denied since Deny Public Network Access is set to Yes. To connect to this server, 1. If you persist public network access disabled, please use Managed Virtual Network IR and create private endpoint. https://docs.microsoft.com/en-us/azure/data-factory/managed-virtual-network- private-endpoint; 2. Otherwise you can enable public network access, set ""Public network access"" option to ""Selected networks"" on Azure SQL Networking setting. Causes: Azure SQL Database is set to deny public network access. This requires to use managed virtual network and create private endpoint to access.",,"1. If you insist on disabling public network access, use managed virtual network integration runtime and create private endpoint. For more information, see Azure Data Factory managed virtual network. 2. Otherwise, enable public network access by setting Public network access option to Selected networks on Azure SQL Database Networking setting page. For more troubleshooting help, try these resources: Connector troubleshooting guide Data Factory feature requests Troubleshoot the Azure Table Storage connector in Azure Data Factory and Azure Synapse  Tip enterprises. Microsoft Fabric covers everything from data movement to data science, real-time analytics, business intelligence, and reporting. Learn how to start a new trial for free! This article provides suggestions to troubleshoot common problems with the Azure Table Storage connector in Azure Data Factory and Azure Synapse. Error code: AzureTableDuplicateColumnsFromSource",
Azure Synapse Analytics,,SqlDeniedPublicAccess,Duplicate columns with same name '%name;' are detected from source. This is NOT supported by Azure Table Storage sink.,Duplicated source columns might occur for one of the following reasons: You're using the database as a source and applied table joins. You have unstructured CSV files with duplicated column names in the header row.,"Double-check and fix the source columns, as necessary. Next steps For more troubleshooting help, try these resources: Connector troubleshooting guide Data Factory feature requests Troubleshoot the DB2 connector in Azure Data Factory and Azure Synapse  Tip enterprises. Microsoft Fabric covers everything from data movement to data science, real-time analytics, business intelligence, and reporting. Learn how to start a new trial for free! This article provides suggestions to troubleshoot common problems with the Azure Database for PostgreSQL connector in Azure Data Factory and Azure Synapse.",
Azure Synapse Analytics,,DB2DriverRunFailed,Error thrown from driver. Sql code: '%code;',"If the error message contains the string ""SQLSTATE=51002 SQLCODE=-805"", follow the ""Tip"" in Copy data from DB2.","Try to set ""NULLID"" in the packageCollection property. For more troubleshooting help, try these resources: Connector troubleshooting guide Data Factory feature requests Troubleshoot the delimited text format connector in Azure Data Factory and Azure Synapse  Tip enterprises. Microsoft Fabric covers everything from data movement to data science, real-time analytics, business intelligence, and reporting. Learn how to start a new trial for free! This article provides suggestions to troubleshoot common problems with the delimited text formatL connector in Azure Data Factory and Azure Synapse. Error code: DelimitedTextColumnNameNotAllowNull",
Azure Synapse Analytics,,DB2DriverRunFailed,The name of column index %index; is empty. Make sure column name is properly specified in the header row.,"When 'firstRowAsHeader' is set in the activity, the first row is used as the column name. This error means that the first row contains an empty value (for example, 'ColumnA, ColumnB').","Check the first row, and fix the value if it is empty. Error code: DelimitedTextMoreColumnsThanDefined",
Azure Synapse Analytics,,DB2DriverRunFailed,Error found when processing '%function;' source '%name;' with row number %rowCount;: found more columns than expected column count: %expectedColumnCount;.,"Different causes may lead to this error. Check below list for possible cause analysis and related recommendation. The problematic row's column count is larger than Get the row count from the error the first row's column count. It might be caused by a message, check the row's column, data issue or incorrect column delimiter or quote and fix the data. char settings. If the expected column count is ""1"" in an error Check the format settings to make message, you might have specified wrong sure they match your source files. compression or format settings, which caused the files to be parsed incorrectly. If your source is a folder, the files under the specified Make sure that the files in the folder might have a different schema. specified folder have an identical schema.",,
Dynamics,,DynamicsCreateServiceClientError,This is a transient issue on Dynamics server side. Try to rerun the pipeline.,The problem is a transient issue on the Dynamics server side.,"Rerun the pipeline. If it fails again, try to reduce the parallelism. If the problem persists, contact Dynamics support. Missing columns when you import a schema or preview data Symptoms: Some columns are missing when you import a schema or preview data.",
Dynamics,,DynamicsCreateServiceClientError,The valid structure information (column name and type) are required for Dynamics source.,"This issue is by design, because Data Factory and Synapse pipelines are unable to show columns that contain no values in the first 10 records. Make sure that the columns you've added are in the correct format.","Manually add the columns in the mapping tab. For more details, refer to Explicit mapping. Error code: DynamicsMissingTargetForMultiTargetLookupField",
Dynamics,,DynamicsCreateServiceClientError,Cannot find the target column for multi-target lookup field: '%fieldName;'.,The target column doesn't exist in the source or in the column mapping.,1. Make sure that the source contains the target column. 2. Add the target column in the column mapping. Ensure that the sink column is in the format {fieldName}@EntityReference. Error code: DynamicsInvalidTargetForMultiTargetLookupField,
Dynamics,,DynamicsCreateServiceClientError,The provided target: '%targetName;' is not a valid target of field: '%fieldName;'. Valid targets are: '%validTargetNames;',A wrong entity name is provided as target entity of a multi-target lookup field.,Provide a valid entity name for the multi-target lookup field. Error code: DynamicsInvalidTypeForMultiTargetLookupField,
Dynamics,,DynamicsCreateServiceClientError,The provided target type is not a valid string. Field: '%fieldName;'.,The value in the target column is not a string.,Provide a valid string in the multi-target lookup target column.,
Dynamics,,DynamicsFailedToRequetServer,The Dynamics server or the network is experiencing issues. Check network connectivity or check Dynamics server log for more details.,"The Dynamics server is instable or inaccessible, or the network is experiencing issues.","For more details, check network connectivity or check the Dynamics server log. For further help, contact Dynamics support.",
Dynamics,,DynamicsFailedToConnect,Failed to connect to Dynamics: %message;,"Different causes may lead to this error. Check below list for possible cause analysis and related recommendation. You are seeing ERROR REQUESTING ORGS FROM THE If your tenant and user is DISCOVERY SERVERFCB 'EnableRegionalDisco' is configured in Microsoft Entra ID disabled. or otherwise Unable to Login to Dynamics for conditional access and/or CRM, message:ERROR REQUESTING Token FROM THE Multi-Factor Authentication is Authentication context - USER intervention required required, you must use but not permitted by prompt behavior AADSTS50079: Due 'Microsoft Entra service to a configuration change made by your administrator, principal' to authenticate after or because you moved to a new location, you must 6/8/2021. Refer this link for detailed steps. enroll in multi-factor authentication to access '00000007-0000-0000-c000-000000000000' If your use case meets all of the following three conditions: You are connecting to Dynamics 365, Common Data Service, or Dynamics CRM.",,
Dynamics,,DynamicsOperationFailed,"Dynamics operation failed with error code: %code;, error message: %message;.",The operation failed on the server side.,Extract the error code of the dynamics operation from the error,
Dynamics,,DynamicsOperationFailed,"Dynamics operation failed with error code: {code} , and refer to the article Web service error codes for more detailed information. You can contact the Dynamics support team if necessary.",,,
Dynamics,,DynamicsInvalidFetchXml,The Fetch Xml query specified is invalid.,There is an error existed in the fetch XML.,Fix the error in the fetch XML.,
Dynamics,,DynamicsMissingKeyColumns,Input DataSet must contain keycolumn(s) in Upsert/Update scenario. Missing key column(s): %column;,The source data does not contain the key column for the sink entity.,Confirm that key columns are in the source data or map a source column to the key column on the sink entity.,
Dynamics,,DynamicsPrimaryKeyMustBeGuid,The primary key attribute '%attribute;' must be of type guid.,The type of the primary key column is not 'Guid'.,Make sure that the primary key column in the source data is of 'Guid' type.,
Dynamics,,DynamicsAlternateKeyNotFound,Cannot retrieve key information of alternate key '%key;' for entity '%entity;'.,"The provided alternate key does not exist, which may be caused by wrong key names or insufficient permissions.",Fix typos in the key name. Make sure that you have sufficient permissions on the entity.,
Dynamics,,DynamicsInvalidSchemaDefinition,The valid structure information (column name and type) are required for Dynamics source.,Sink columns in the column mapping miss the 'type' property.,You can add the 'type' property to those columns in the column mapping by using JSON editor on the portal. Error code: UserErrorUnsupportedAttributeType,
Dynamics,,DynamicsInvalidSchemaDefinition,The attribute type 'Lookup' of field %attributeName; is not supported,"When loading data to Dynamics sink, Azure Data Factory imposes validation on lookup attribute's metadata. However, there's the known issue of certain Dynamics entities not having valid lookup attribute metadata that holds a list of targets, which would fail the validation. The Dynamics 365 server always indicates more available records. The virtual column is not supported now. When Dynamics is used as the source, the type conversion is not supported.","Contact Dynamics support team to mitigate the issue. The copy activity from the Dynamics 365 reads more rows than the actual number Symptoms: The copy activity from the Dynamics 365 reads more rows than the actual number. Use XrmToolBox to test the FetchXML with paging. XrmToolBox with some installed tools can get records count. For more information, see XrmToolBox . Cannot access virtual columns from Dynamics sources in the copy activity Symptoms: You cannot access virtual columns from Dynamics sources in the copy activity. For the Option Set value, follow the options below to get it: You can get the object type code by referring to How to Find the Object Type Code for Any Entity . You can link the StringMap entity to your target entity and get the associated values.",
Azure Synapse Analytics,,AccessToOnPremFileSystemDenied,Access to '%path;' is not allowed.,"Copying files from local machine isn't supported under Azure Integration Runtime. For Self-hosted Integration Runtime (versions >= 5.22.8297.1), Azure Data Factory is introducing a new security control to allow or disallow local SHIR file system access through the connector. It's disabled by default.","Using command line from Set up an existing self-hosted IR via local PowerShell, you could allow or disallow local SHIR file system access. For more troubleshooting help, try these resources: Connector troubleshooting guide Data Factory feature requests Troubleshoot the FTP, SFTP, and HTTP connectors in Azure Data Factory and Azure Synapse  Tip enterprises. Microsoft Fabric covers everything from data movement to data science, real-time analytics, business intelligence, and reporting. Learn how to start a new trial for free! This article provides suggestions to troubleshoot common problems with the FTP, SFTP, and HTTP connectors in Azure Data Factory and Azure Synapse. FTP",
FTP,,FtpFailedToConnectToFtpServer,"Failed to connect to FTP server. Please make sure the provided server information is correct, and try again.","An incorrect linked service type might be used for the FTP server, such as using the Secure FTP (SFTP) linked service to connect to an FTP server.",Check the port of the target server. FTP uses port 21.,
FTP,,FtpFailedToReadFtpData,"Failed to read data from ftp: The remote server returned an error: 227 Entering Passive Mode (*,*,*,*,*,*).",Port range between 1024 to 65535 isn't open for data transfer under passive mode supported by the data factory or Synapse pipeline.,Check the firewall settings of the target server. Open port 1024- 65535 or port range specified in FTP server to SHIR/Azure IR IP address. SFTP,
SFTP,,SftpOperationFail,Failed to '%operation;'. Check detailed error from SFTP.,A problem with the SFTP operation.,Check the error details from SFTP.,
SFTP,,SftpRenameOperationFail,"Failed to rename the temp file. Your SFTP server doesn't support renaming temp file, set ""useTempFileRename"" as false in copy sink to disable uploading to temp file.",Your SFTP server doesn't support renaming the temp file.,"Set ""useTempFileRename"" as false in the copy sink to disable uploading to the temp file.",
SFTP,,SftpInvalidSftpCredential,Invalid SFTP credential provided for '%type;' authentication type.,"Private key content is fetched from the Azure key vault or SDK, but it's not encoded correctly. The wrong key content format was chosen. Invalid credentials or private key content.","If the private key content is from your key vault, the original key file can work if you upload it directly to the SFTP linked service. For more information, see Copy data from and to the SFTP server by using data factory or Synapse pipelines. The private key content is base64 encoded SSH private key content. Encode entire original private key file with base64 encoding, and store the encoded string in your key vault. The original private key file is the one that can work on the SFTP linked service if you select Upload from the file. Here are some samples you can use to generate the string: Use C# code: byte[] keyContentBytes = File.ReadAllBytes(Private Key Path); string keyContent = Convert.ToBase64String(keyContentBytes, Base64FormattingOptions.None); Use Python code： import base64 rfd = open(r'{Private Key Path}', 'rb') keyContent = rfd.read() rfd.close() print base64.b64encode(Key Content) Use a third-party base64 conversion tool. We recommend the Encode to Base64 format tool.",
SFTP,,UserErrorInvalidColumnMappingColumnNotFound,Column 'AccMngr' specified in column mapping cannot be found in source data.,"The source doesn't include a column named ""AccMngr.""",,"To determine whether the ""AccMngr"" column exists, double-check your dataset configuration by mapping the destination dataset column."
SFTP,,SftpFailedToConnectToSftpServer,Failed to connect to SFTP server '%server;'.,"If the error message contains the string ""Socket read operation has timed out after 30,000 milliseconds"", one possible cause is that an incorrect linked service type is used for the SFTP server. For example, you might be using the FTP linked service to connect to the SFTP server. If the error message contains the string ""Server response doesn't contain SSH protocol identification"", one possible cause is that the SFTP server throttled the connection. Multiple connections are created to download from the SFTP server in parallel, and sometimes it encounters SFTP server throttling. Ordinarily, different servers return different errors when they encounter throttling.","Check the port of the target server. By default, SFTP uses port 22. Specify the maximum number of concurrent connections of the SFTP dataset as 1 and rerun the copy activity. If the activity succeeds, you can be sure that throttling is the cause. If you want to promote the low throughput, contact your SFTP administrator to increase the concurrent connection count limit, or you can take one of the following actions: If you're using Self-hosted IR, add the Self-hosted IR machine's IP to the allowlist. If you're using Azure IR, add Azure Integration Runtime IP addresses. If you don't want to add a range of IPs to the SFTP server allowlist, use Self-hosted IR instead.",
SFTP,,SftpPermissionDenied,Permission denied to access '%path;',The specified user doesn't have read or write permission to the folder or file when operating.,Grant the user with permission to read or write to the folder or files on SFTP server.,
SFTP,,SftpAuthenticationFailure,"Meet authentication failure when connect to Sftp server '%server;' using '%type;' authentication type. Please make sure you are using the correct authentication type and the credential is valid. For more details, see our troubleshooting docs.","The specified credential (your password or private key) is invalid. The specified authentication type isn't allowed or not sufficient to complete the authentication in your SFTP server. Your SFTP server requires ""keyboard-interactive"" for authentication, but you provided ""password"".","Check your credential. Apply the following options to use the correct authentication type: If your server requires a password, use ""Basic"". If your server requires a private key, use ""SSH public key authentication"". If your server requires both ""password"" and ""private key"", use ""Multiple factor authentication"". ""keyboard-interactive"" is a special authentication method, which is different from ""password"". It means that when logging into a server, you must enter the password manually, and you can't use the previously saved password. But Azure Data Factory (ADF) is a scheduled data transfer service, and there's no pop-up input box allowing you to provide the password at the runtime. As a compromise, an option is provided to simulate the input in the background instead of your real manual input, which is equivalent to changing the ""keyboard- interactive"" to ""password"". If you can accept this security concern, follow the steps below to enable it: 1.",
SFTP,,SftpAuthenticationFailure,Failed to negotiate key exchange algorithm.,The key exchange algorithms provided by the SFTP server aren't supported in ADF. The key exchange algorithms supported by ADF are: curve25519-sha256 curve25519-sha256@libssh.org ecdh-sha2-nistp256 ecdh-sha2-nistp384 ecdh-sha2-nistp521 diffie-hellman-group-exchange-sha256 diffie-hellman-group-exchange-sha1 diffie-hellman-group16-sha512 diffie-hellman-group14-sha256 diffie-hellman-group14-sha1 diffie-hellman-group1-sha1 The latest version to support above key exchange algorithms on SHIR is version 5.19.,,
SFTP,,SftpInvalidHostKeyFingerprint,"Host key finger-print validation failed. Expected fingerprint is '<value in linked service>', real finger-print is '<server real value>'","Azure Data Factory now supports more secure host key algorithms in SFTP connector. For the newly added algorithms, it requires to get the corresponding fingerprint in the SFTP server. The newly supported algorithms are: ssh-ed25519 ecdsa-sha2-nistp256 ecdsa-sha2-nistp384 ecdsa-sha2-nistp521",Get a valid fingerprint using the Host Key Name in real finger-print from the error message in the SFTP server. You can run the command to get the fingerprint on your SFTP server. For example: run ssh-keygen -E md5 -lf <keyFilePath> in Linux server to get the fingerprint. The command could vary among different server types. Error code: UnsupportedCompressionTypeWhenDisableChunking,
SFTP,,SftpInvalidHostKeyFingerprint,"""Disable chunking"" is not compatible with ""ZipDeflate"" decompression.",Disable chunking isn't compatible with ZipDeflate decompression.,Load the binary data to a staging area (for example: Azure Blob Storage) and decompress them in another copy activity. HTTP,
HTTP,,HttpFileFailedToRead,Failed to read data from http server. Check the error from http server：%message;,"This error occurs when a data factory or a Synapse pipeline talks to the HTTP server, but the HTTP request operation fails.","Check the HTTP status code in the error message, and fix the remote server issue.",
HTTP,,HttpSourceUnsupportedStatusCode,Http source doesn't support HTTP Status Code '%code;'.,This error happens when Azure Data Factory requests HTTP source but gets unexpected status code.,"For more information about HTTP status code, see this document. For more troubleshooting help, try these resources: Connector troubleshooting guide Data Factory feature requests Troubleshoot the Google Ads connector in Azure Data Factory and Azure Synapse  Tip enterprises. Microsoft Fabric covers everything from data movement to data science, real-time analytics, business intelligence, and reporting. Learn how to start a new trial for free! This article provides suggestions to troubleshoot common problems with the Google Ads connector in Azure Data Factory and Azure Synapse. Error code: DeprecatedGoogleAdsLegacyDriverVersion",
HTTP,,HttpSourceUnsupportedStatusCode,"The Google Ads connector’s legacy driver has been deprecated. To ensure your pipeline works, please upgrade the driver version of Google Ads linked service. Detailed instructions can be found in this documentation: https://learn.microsoft.com/azure/data-factory/connector-google-adwords? tabs=data-factory#upgrade-the-google-ads-driver-version",Your pipeline is still running on a legacy Google Ads connector's driver.,,Upgrade your Google Ads linked service's driver version to the Recommended version. Refer to this article. Error code: DeprecatedGoogleAdWordsOdbcConnector
HTTP,,HttpSourceUnsupportedStatusCode,"The Google AdWords connector has been deprecated. To ensure your pipeline works, please create a new Google Ads linked service. Detailed instructions can be found in this documentation: https://learn.microsoft.com/azure/data-factory/connector-google- adwords#upgrade-google-adwords-connector-to-google-ads-connector","Your pipeline is still running on a deprecated Google AdWords connector. The ODBC connector needs its own driver, which may cause the performance difference due to the third-party driver quality. You use the Kerberos authentication that is not supported in Azure Data Factory.","Use the Hive connector firstly. Unexpected response received from the server when connecting to the Hive server via ODBC Symptoms: When connecting to the Hive server using ODBC linked service, you meet this error message: ERROR [HY000] [Cloudera][DriverSupport] (1110) Unexpected response received from server. Please ensure the server host and port specified for the connection are correct and confirm if SSL should be enabled for the connection. Try the following steps. If they do not work, check the provided driver to resolve this issue. 1. The krb5.ini file is in the C:\Program Files\MIT\Kerberos\bin folder. 2. Add the KRB5_CONFIG and KRB5CCNAME to the system variable as well. 3. Edit the krb5.ini file. 4. Shut down and restart the VM and the SHIR from the machine.","Create a new Google Ads linked service. Refer to this article. For more troubleshooting help, try these resources: Connector troubleshooting guide Data Factory feature requests Troubleshoot the Hive connector in Azure Data Factory and Azure Synapse  Tip enterprises. Microsoft Fabric covers everything from data movement to data science, real-time analytics, business intelligence, and reporting. Learn how to start a new trial for free! This article provides suggestions to troubleshoot common problems with the Hive connector in Azure Data Factory and Azure Synapse. The performance difference between the ODBC connector and the Hive connector Symptoms: The concern about the performance difference between the ODBC connector and the Hive connector."
Lakehouse,,LakehouseForbiddenError,"ErrorCode=LakehouseForbiddenError,'Type=Microsoft.DataTransfer.Common.Shared.HybridD eliveryException,Message=Lakehouse failed for forbidden which may be caused by user account or service principal doesn't have enough permission to access Lakehouse. Workspace: '4137113f-8f02-4c59-9a33-ec9d6f0f1468'. Path: '606c4b64-92ad-4621-b116- a9a871ac099d/Tables/dbo'. ErrorCode: 'Forbidden'. Message: 'Forbidden'. TimeStamp: 'Tue, 04 Nov 2025 11:57:11 GMT'.","The service principal, system-assigned managed identity or user-assigned managed identity doesn't have sufficient permission to access Microsoft Fabric Lakehouse.","Grant the service principal, system-assigned managed identity or user- assigned managed identity at least Contributor role in the Microsoft Fabric workspace with the Lakehouse. For more information, see Grant permissions in Microsoft Fabric workspace. For more troubleshooting help, try these resources: Connector troubleshooting guide Data Factory feature requests Last updated on 12/23/2025 Troubleshoot the Microsoft Fabric Warehouse connector in Azure Data Factory and Azure Synapse  Tip analytics, business intelligence, and reporting. Learn how to start a new trial for free! This article provides suggestions to troubleshoot common problems with the Microsoft Fabric Warehouse connector in Azure Data Factory and Azure Synapse. A transport-level error has occurred when receiving results from the server",
Lakehouse,,LakehouseForbiddenError,"A transport-level error has occurred when receiving results from the server. (provider: TCP Provider, error: 0 - An existing connection was forcibly closed by the remote host.) An existing connection was forcibly closed by the remote host","The server terminates the connection unexpectedly, usually due to network instability, timeout, or server-side resource limits.",Check server logs and network stability. Split the copy into partitions instead of a long‑running copy.,
Lakehouse,,DWCopyCommandOperationFailed,"ErrorCode=DWCopyCommandOperationFailed,'Type=Microsoft.DataTransfer.Common.Shared.Hy bridDeliveryException,Message='DataWarehouse' Copy Command operation failed with error 'A transport-level error has occurred when receiving results from the server. (provider: TCP Provider, error: 0 - A connection attempt failed because the connected party did not properly respond after a period of time, or established connection failed because connected host has failed to respond.)'.","The server terminates the connection unexpectedly, usually due to network instability, timeout, or server-side resource limits.",Check server logs and network stability. Split the copy into partitions instead of a long‑running copy. SHUTDOWN is in progress,
Lakehouse,,DWCopyCommandOperationFailed,SHUTDOWN is in progress.,The server is unavailable due to a SHUTDOWN operation is in progress.,"Check the server logs to confirm whether a shutdown has been initiated and ensure the server is fully available. For more troubleshooting help, try these resources: Connector troubleshooting guide Data Factory feature requests Last updated on 12/23/2025 Troubleshoot the MongoDB connector in Azure Data Factory and Azure Synapse  Tip enterprises. Microsoft Fabric covers everything from data movement to data science, real-time analytics, business intelligence, and reporting. Learn how to start a new trial for free! This article provides suggestions to troubleshoot common problems with the MongoDB connector in Azure Data Factory and Azure Synapse.",
MongoDB,,MongoDbUnsupportedUuidType,"Failed to read data via MongoDB client., Source=Microsoft.DataTransfer.Runtime.MongoDbV2Connector,Type=System.FormatExc eption, Message=The GuidRepresentation for the reader is CSharpLegacy which requires the binary sub type to be UuidLegacy not UuidStandard.,Source=MongoDB.Bson,’“,","When you copy data from Azure Cosmos DB MongoAPI or MongoDB with the universally unique identifier (UUID) field, there are two ways to represent the UUID in Binary JSON (BSON): UuidStardard and UuidLegacy. By default, UuidLegacy is used to read data. You will receive an error if your UUID data in MongoDB is UuidStandard.",,"In the MongoDB connection string, add the uuidRepresentation=standard option. For more information, see MongoDB connection string. Migrate to the new version of MongoDB connector Symptoms: You meet the following error code and error message:"
MongoDB,,DeprecatedMongoDbOdbcConnector,"The legacy MongoDB connector has been deprecated. To ensure your pipeline works, please create a new MongoDB linked service. Detailed instructions can be found in this documentation: https://learn.microsoft.com/azure/data-factory/connector-mongodb#upgrade- the-mongodb-linked-service",Your pipeline is still running on a legacy MongoDB connector that causes the error.,,"Upgrade your MongoDB linked service to the latest version. Refer to this article. For more troubleshooting help, try these resources: Connector troubleshooting guide Data Factory feature requests Troubleshoot the Oracle connector in Azure Data Factory and Azure Synapse 06/13/2025  Tip analytics, business intelligence, and reporting. Learn how to start a new trial for free! This article provides suggestions to troubleshoot common problems with the Oracle connector in Azure Data Factory and Azure Synapse. Version 2.0"
MongoDB,,DeprecatedMongoDbOdbcConnector,ORA-12650: No common encryption or data integrity algorithm Symptoms: You meet the following error message: ORA-12650: No common encryption or data integrity algorithm,"The client and server failed to agree on a common encryption/data integrity behavior or algorithm during negotiation. The default client-side configurations are as follows: encryptionClient : required encryptionTypesClient : (AES256) cryptoChecksumClient : required cryptoChecksumTypesClient : (SHA512) To avoid data loss, the decimal precision used to represent the Oracle NUMBER type is 256, which exceeds the max precision supported by the sink connector or downstream consumer.","1. Check the server-side configurations, including SQLNET.ENCRYPTION_SERVER and SQLNET.CRYPTO_CHECKSUM_SERVER. Update the linked service additional properties encryptionClient and cryptoChecksumClient on the client side if needed. Note that the actual behavior is determined by the negotiation outcome between the client and server configuration, as shown below. Client\Server rejected accepted requested required rejected OFF OFF OFF Connection fails accepted OFF OFF ON ON requested OFF ON ON ON required Connection fails ON ON ON 2. Check the server-side configurations, including SQLNET.ENCRYPTION_TYPES_SERVER and SQLNET.CRYPTO_CHECKSUM_TYPES_SERVER. Update the linked service additional properties encryptionTypesClient and cryptoChecksumTypesClient on the client side to ensure that a common algorithm can be found between them.",
MongoDB,,DeprecatedMongoDbOdbcConnector,ORA-00933: SQL command not properly ended Symptoms: You meet the following error message: ORA-00933: SQL command not properly ended,Currently Oracle version 2.0 doesn’t support the query ended with a semicolon.,Remove the semicolon at the end of the query. Version 1.0,
MongoDB,,ArgumentOutOfRangeException,"Hour, Minute, and Second parameters describe an un-representable DateTime.","In Azure Data Factory and Synapse pipelines, DateTime values are supported in the range from 0001-01-01 00:00:00 to 9999-12-31 23:59:59. However, Oracle supports a wider range of DateTime values, such as the BC century or min/sec>59, which leads to failure. The secure algorithm is not added to your Oracle server.","To see whether the value in Oracle is in the supported range of dates, run select dump(<column name>) . To learn the byte sequence in the result, see How are dates stored in Oracle? . Add secure algorithms when using the self-hosted integration runtime version 5.36.8726.3 or higher Symptoms: When you use the self-hosted integration runtime version 5.36.8726.3 or higher, you meet this error message: [Oracle]ORA-12650: No common encryption or data integrity algorithm . Update your Oracle server settings to add these secure algorithms if they are not already included: For SQLNET.ENCRYPTION_TYPES_SERVER, need to add the following algorithms that are deemed as secure by OpenSSL and will be used for OAS (Oracle Advanced Security) encryption. AES256 AES192 3DES168 AES128 3DES112 DES For SQLNET.CRYPTO_CHECKSUM_TYPES_SERVER, need to add the following algorithms that are deemed as secure by OpenSSL and will be used for OAS (Oracle Advanced Security) data integrity.",
MongoDB,,UserErrorFailedToConnectOdbcSource,"""Cannot load trust store"", or ""SSL Handshake Failure reason [error:OA000086:SSL routines::certificate verify failed]""","The truststore is not appropriate for OpenSSL 3.0, as the truststore file is generated using weak ciphers like RC4, MD5 and SHA1.",You need to re-create the truststore using the strong ciphers like AES256. Refer to this section for details about setting up the TLS connection using truststore .,
MongoDB,,UserErrorFailedToConnectOdbcSource,SSL Handshake Failure reason[Unknown SSL Error] SSL Handshake Failure reason [error:OA000410:SSL routines::sslv3 alert handshake failure],"The server is not configured with strong ciphers for SSL communication. OpenSSL 3.0 should use either TLS 1.0 and higher as it deprecated SSL protocol versions. For example, the server might accept connections with TLS protocol versions until TLS 1.0.",Revise the server configuration to use stronger TLS versions.,
MongoDB,,UserErrorFailedToConnectOdbcSource,SSL Handshake Failure reason [error:0A00014D:SSL routines::legacy sigalg disallowed or unsupported].,CryptoProtocolVersion is set to use deprecated TLS protocol versions with OpenSSL 3.0.,"Specify the connection string property CryptoProtocolVersion=TLSv1.2 . For more troubleshooting help, try these resources: Connector troubleshooting guide Data Factory feature requests Troubleshoot the ORC format connector in Azure Data Factory and Azure Synapse  Tip enterprises. Microsoft Fabric covers everything from data movement to data science, real-time analytics, business intelligence, and reporting. Learn how to start a new trial for free! This article provides suggestions to troubleshoot common problems with the ORC format connector in Azure Data Factory and Azure Synapse.",
Azure Synapse Analytics,,OrcJavaInvocationException,"An error occurred when invoking Java, message: %javaException;.","Different causes may lead to this error. Check below list for possible cause analysis and related recommendation. When the error message contains the strings ""java.lang.OutOfMemory"", ""Java If you're using heap space"", and ""doubleCapacity"", it's usually a memory management issue in Self-hosted an old version of integration runtime. Integration Runtime, we recommend that you upgrade to the latest version. When the error message contains the string ""java.lang.OutOfMemory"", the Limit the integration runtime doesn't have enough resources to process the files. concurrent runs on the integration runtime. For Self- hosted IR, scale up to a powerful machine with memory equal to or larger than 8 GB. When the error message contains the string ""NullPointerReference"", the cause Retry the might be a transient error. operation. If the problem persists, contact support. When the error message contains the string ""BufferOverflowException"", the Retry the cause might be a transient error. operation.",,
Azure Synapse Analytics,,OrcDateTimeExceedLimit,The Ticks value '%ticks;' for the datetime column must be between valid datetime ticks range -621355968000000000 and 2534022144000000000.,"If the datetime value is '0001-01-01 00:00:00', it could be caused by the differences between the Julian calendar and the Gregorian calendar .","Check the ticks value and avoid using the datetime value '0001- 01-01 00:00:00'. Next steps For more troubleshooting help, try these resources: Connector troubleshooting guide Data Factory feature requests Troubleshoot the Parquet format connector in Azure Data Factory and Azure Synapse  Tip enterprises. Microsoft Fabric covers everything from data movement to data science, real-time analytics, business intelligence, and reporting. Learn how to start a new trial for free! This article provides suggestions to troubleshoot common problems with the Parquet format connector in Azure Data Factory and Azure Synapse.",
Parquet,,ParquetJavaInvocationException,"An error occurred when invoking java, message: %javaException;.","Different causes may lead to this error. Check below list for possible cause analysis and related recommendation. When the error message contains the strings If you are using Self-hosted IR and the ""java.lang.OutOfMemory"", ""Java heap space"", and version is earlier than 3.20.7159.1, we ""doubleCapacity"", it's usually a memory recommend that you upgrade to the management issue in an old version of Integration latest version. Runtime. When the error message contains the string Limit the concurrent runs on the ""java.lang.OutOfMemory"", the integration runtime integration runtime. For Self-hosted doesn't have enough resources to process the IR, scale up to a powerful machine files. with memory that's equal to or greater than 8 GB. When the error message contains the string Retry the operation. If the problem ""NullPointerReference"", it might be a transient persists, contact support. error.",,
Parquet,,ParquetInvalidFile,File is not a valid Parquet file.,This is a Parquet file issue.,Check to see whether the input is a valid Parquet file.,
Parquet,,ParquetNotSupportedType,Unsupported Parquet type. PrimitiveType: %primitiveType; OriginalType: %originalType;.,The Parquet format is not supported in Azure Data Factory and Synapse pipelines.,Double-check the source data by going to Supported file formats and compression codecs by copy activity. Error code: ParquetMissedDecimalPrecisionScale,
Parquet,,ParquetNotSupportedType,Decimal Precision or Scale information is not found in schema for column: %column;.,"The number precision and scale were parsed, but no such information was provided.",The source doesn't return the correct precision and scale information. Check the issue column for the information. Error code: ParquetInvalidDecimalPrecisionScale,
Parquet,,ParquetNotSupportedType,Invalid Decimal Precision or Scale. Precision: %precision; Scale: %scale;.,The schema is invalid.,Check the issue column for precision and scale.,
Parquet,,ParquetColumnNotFound,Column %column; does not exist in Parquet file.,The source schema is a mismatch with the sink schema.,Check the mappings in the activity. Make sure that the source column can be mapped to the correct sink column.,
Parquet,,ParquetInvalidDataFormat,Incorrect format of %srcValue; for converting to %dstType;.,The data can't be converted into the type that's specified in mappings.source.,"Double-check the source data or specify the correct data type for this column in the copy activity column mapping. For more information, see Supported file formats and compression codecs by the copy activity. Error code: ParquetDataCountNotMatchColumnCount",
Parquet,,ParquetInvalidDataFormat,The data count in a row '%sourceColumnCount;' does not match the column count '%sinkColumnCount;' in given schema.,A mismatch between the source column count and the sink column count.,Double-check to ensure that the source column count is same as the sink column count in 'mapping'. Error code: ParquetDataTypeNotMatchColumnType,
Parquet,,ParquetInvalidDataFormat,The data type %srcType; is not match given column type %dstType; at column '%columnIndex;'.,The data from the source can't be converted to the type that's defined in the sink.,Specify a correct type in mapping.sink.,
Parquet,,ParquetBridgeInvalidData,%message;,The data value has exceeded the limit.,"Retry the operation. If the issue persists, contact us.",
Parquet,,ParquetUnsupportedInterpretation,The given interpretation '%interpretation;' of Parquet format is not supported.,This scenario isn't supported.,'ParquetInterpretFor' should not be 'sparkSql'. Error code: ParquetUnsupportFileLevelCompressionOption,
Parquet,,ParquetUnsupportedInterpretation,File level compression is not supported for Parquet.,This scenario isn't supported.,Remove 'CompressionType' in the payload.,
Parquet,,UserErrorJniException,Cannot create JVM: JNI return code [-6][JNI call failed: Invalid arguments.],"A Java Virtual Machine (JVM) can't be created because some illegal (global) arguments are set. Currently only the decimal of precision <= 38 and length of integer part <= 20 are supported when you copy files from Oracle to Parquet. The issue could be caused by white spaces or unsupported special characters (such as,;{}()\n\t=) in the column name, because Parquet doesn't support such a format. For example, a column name such as contoso(test) will parse the type in brackets from code Tokenizer st = new Tokenizer(schemaString, "" ;{}()\n\t""); . The error is thrown because there is no such ""test"" type. To check supported types, go to the GitHub apache/parquet-mr site .","Log in to the machine that hosts each node of your self-hosted IR. Check to ensure that the system variable is set correctly, as follows: _JAVA_OPTIONS ""-Xms256m -Xmx16g"" with memory bigger than 8 G . Restart all the IR nodes, and then rerun the pipeline. Arithmetic overflow Symptoms: Error message occurred when you copy Parquet files: Message = Arithmetic Overflow., Source = Microsoft.DataTransfer.Common","As a workaround, you can convert any columns with this problem into VARCHAR2. No enum constant Symptoms: Error message occurred when you copy data to Parquet format: java.lang.IllegalArgumentException:field ended by &apos;;&apos; , or: java.lang.IllegalArgumentException:No enum constant org.apache.parquet.schema.OriginalType.test . Double-check to see whether: There are white spaces in the sink column name. The first row with white spaces is used as the column name. The type OriginalType is supported. Try to avoid using these special characters: ,;{}()\n\t= ."
Parquet,,ParquetDateTimeExceedLimit,The Ticks value '%ticks;' for the datetime column must be between valid datetime ticks range -621355968000000000 and 2534022144000000000.,"If the datetime value is '0001-01-01 00:00:00', it could be caused by the difference between Julian Calendar and Gregorian Calendar. For more details, reference Difference between Julian and proleptic Gregorian calendar dates .",,Check the ticks value and avoid using the datetime value '0001-01-01 00:00:00'.
Parquet,,ParquetInvalidColumnName,"The column name is invalid. Column name cannot contain these character:[,;{}()\n\t=]",The column name contains invalid characters. This issue is caused by the Parquet-mr library bug of reading large column.,,"Add or modify the column mapping to make the sink column name valid. The file created by the copy data activity extracts a table that contains a varbinary (max) column Symptoms: The Parquet file created by the copy data activity extracts a table that contains a varbinary (max) column. Try to generate smaller files (size < 1G) with a limitation of 1000 rows per file. Next steps For more troubleshooting help, try these resources: Connector troubleshooting guide Data Factory feature requests Troubleshoot the REST connector in Azure Data Factory and Azure Synapse  Tip enterprises. Microsoft Fabric covers everything from data movement to data science, real-time analytics, business intelligence, and reporting. Learn how to start a new trial for free! This article provides suggestions to troubleshoot common problems with the REST connector in Azure Data Factory and Azure Synapse."
REST,,RestSinkCallFailed,Rest Endpoint responded with Failure from server. Check the error from server:%message;,"This error occurs when a data factory or Synapse pipeline talks to the REST endpoint over HTTP protocol, and the request operation fails.",Check the HTTP status code or the message in the error message and fix the remote server issue.,
REST,,RestSourceCallFailed,The HttpStatusCode %statusCode; indicates failure.&#xA;Request URL: %requestUri;&#xA;Response payload:%payload;,"This error occurs when Azure Data Factory talks to the REST endpoint over HTTP protocol, and the request operation fails.",Check the HTTP status code or the request URL or the response payload in the error message and fix the remote server issue. Error code: RestSinkUNSupportedCompressionType,
REST,,RestSourceCallFailed,User Configured CompressionType is Not Supported By Azure Data Factory：%message;,The REST source connector uses the URL and HTTP method/header/body from the linked service/dataset/copy source as parameters when it constructs an HTTP request. The issue is most likely caused by some mistakes in one or more specified parameters.,"Check the supported compression types for the REST sink. Unexpected network response from the REST connector Symptoms: The endpoint sometimes receives an unexpected response (400, 401, 403, 500) from the REST connector.","Use 'curl' in a Command Prompt window to see whether the parameter is the cause (Accept and User-Agent headers should always be included): curl -i -X <HTTP method> -H <HTTP header1> -H <HTTP header2> -H ""Accept: application/json"" -H ""User-Agent: azure-data-factory/2.0"" -d '<HTTP body>' <URL> If the command returns the same unexpected response, fix the preceding parameters with 'curl' until it returns the expected response. You can also use 'curl--help' for more advanced usage of the command. If only the REST connector returns an unexpected response, contact Microsoft support for further troubleshooting. Note that 'curl' might not be suitable to reproduce an SSL certificate validation issue. In some scenarios, the 'curl' command was executed successfully without encountering any SSL certificate validation issues. But when the same URL is executed in a browser, no SSL certificate is actually returned for the client to establish trust with server."
REST,,RestSourceCallFailed,"""Failed to create certificate from certificate raw data and password. Cannot find the requested object.""",Only support the base64 string service principal certificate for Rest connector service principal certificate authentication. You encounter this error code as you don't complete the Salesforce Connected App configuration.,"Follow this section to save the service principal certificate in Azure Key Vault correctly. For more troubleshooting help, try these resources: Connector troubleshooting guide Data Factory feature requests Troubleshoot the Salesforce and Salesforce Service Cloud connectors in Azure Data Factory and Azure Synapse  Tip enterprises. Microsoft Fabric covers everything from data movement to data science, real-time analytics, business intelligence, and reporting. Learn how to start a new trial for free! This article provides suggestions to troubleshoot common problems with the Salesforce and Salesforce Service Cloud connectors in Azure Data Factory and Azure Synapse. Error code: SalesforceOauth2ClientCredentialFailure To configure your Salesforce Connected App, follow these steps: 1. Create your connected app, and complete its basic information and OAuth settings for the connected app. a. Configure the Connected App Name, API Name and Contact Email. b. Select Enable OAuth Settings. c.",
SAP,,SapRfcDestinationAddFailed,Get or create destination '%destination; failed.,"Unable to connect to SAP server, which may be caused by the connection issue between the machine with an integration runtime installed and SAP server, or wrong credentials.","If the error messages are like '<serverName>:3300' not reached , test connection in the machine with an integration runtime installed first by following the PowerShell command below: PowerShell Test-NetConnection <sap server> -port 3300 For more troubleshooting help, try these resources: Connector troubleshooting guide Data Factory feature requests Troubleshoot the ServiceNow connector in Azure Data Factory and Azure Synapse  Tip analytics, business intelligence, and reporting. Learn how to start a new trial for free! This article provides suggestions to troubleshoot common problems with the ServiceNow connector in Azure Data Factory and Azure Synapse.",
Azure Synapse Analytics,,DEDICATED_DPERORCODE0,,Object reference not set to an instance of an object.,"You are recommended to have a role with at least read access to sys_glide_object tables in ServiceNow. For more troubleshooting help, try these resources: Connector troubleshooting guide Data Factory feature requests Troubleshoot the SharePoint Online list connector in Azure Data Factory and Azure Synapse  Tip enterprises. Microsoft Fabric covers everything from data movement to data science, real-time analytics, business intelligence, and reporting. Learn how to start a new trial for free! This article provides suggestions to troubleshoot common problems with the SharePoint Online list connector in Azure Data Factory and Azure Synapse.",
SharePoint,,SharePointOnlineAuthFailed,"The access token generated failed, status code: %code;, error",,,
SharePoint,,SharePointOnlineAuthFailed,%message;.,The service principal ID and key might not be set correctly.,"Check your registered application (service principal ID) and key to see whether they're set correctly. Connection failed after granting permission in SharePoint Online List Symptoms You granted permission to your data factory in SharePoint Online List, but you still fail with the following error message: Failed to get metadata of odata service, please check if service url and credential is correct and your application has permission to the resource. Expected status code: 200, actual status code: Unauthorized, response is : {""error"":""invalid_request"",""error_description"":""Token type is not allowed.""}. Cause The SharePoint Online List uses ACS to acquire the access token to grant access to other applications. But for the tenant built after November 7, 2018, ACS is disabled by default. Recommendation You need to enable ACS to acquire the access token. Take the following steps: 1. Download SharePoint Online Management Shell , and ensure that you have a tenant admin account. 2.",
Snowflake,,NotAllowToAccessSnowflake,,It's a connectivity issue and usually caused by firewall IP issues when integration runtimes access your Snowflake.,"If you configure a self-hosted integration runtime to connect to Snowflake, make sure to add your self-hosted integration runtime IPs to the allowed list in Snowflake. If you use an Azure Integration Runtime and the access is restricted to IPs approved in the firewall rules, you can add Azure Integration Runtime IPs to the allowed list in Snowflake. If you use a managed private endpoint and a network policy is in place on your Snowflake account, ensure Managed VNet CIDR is allowed. For more steps, refer to How To: Set up a managed private endpoint from Azure Data Factory or Synapse to Snowflake .",
Snowflake,,SnowflakeFailToAccess,Could not resolve Data Source=xxx.xxx.xxx to an available node after 1 attempts. Symptoms: Copy activity fails with the following error:,The error pops up by the Snowflake COPY command and is caused by missing access permission on source/sink when execute Snowflake COPY commands.,"Check your source/sink to make sure that you have granted proper access permission to Snowflake. Direct copy: Make sure to grant access permission to Snowflake in the other source/sink. Currently, only Azure Blob Storage that uses shared access signature authentication is supported as source or sink. When you generate the shared access signature, make sure to set the allowed permissions and IP addresses to Snowflake in the Azure Blob Storage. For more information, see this article . Staged copy: The staging Azure Blob Storage linked service must use shared access signature authentication. When you generate the shared access signature, make sure to set the allowed permissions and IP addresses to Snowflake in the staging Azure Blob Storage. For more information, see this article .",
Snowflake,,SnowflakeFailToAccess,"[.NET Data Provider for Teradata] [115025] Could not resolve Data Source=xxx.xxx.xxx to an available node after 1 attempts. [Socket Transport] [10060] System.Net.Sockets.SocketException (0x80004005): A connection attempt failed because the connected party did not properly respond after a period of time, or established connection failed because connected host has failed to respond xx.xx.xx.xx.","A connection attempt failed because the connected party did not properly respond after a period of time, or established connection failed because connected host has failed to respond xx.xx.xx.xx.",,You are recommended to use a different SSL mode.
Snowflake,,SnowflakeFailToAccess,Remote certificate error. Symptoms: Copy activity fails with the following error:,,,
Snowflake,,SnowflakeFailToAccess,[.NET Data Provider for Teradata] [115056] Remote certificate error. Details: SslPolicyErrors: RemoteCertificateNameMismatch.,The Subject Alternative Name (SAN) extension of the remote TLS certificate does not contain the hostname or the IP address which was used to establish the connection.,,"You are recommended to use a different SSL mode. For more troubleshooting help, try these resources: Connector troubleshooting guide Data Factory feature requests Troubleshoot the XML format connector in Azure Data Factory and Azure Synapse  Tip enterprises. Microsoft Fabric covers everything from data movement to data science, real-time analytics, business intelligence, and reporting. Learn how to start a new trial for free! This article provides suggestions to troubleshoot common problems with the XML format connector in Azure Data Factory and Azure Synapse."
XML,,XmlSinkNotSupported,"Write data in XML format is not supported yet, choose a different format!",An XML dataset was used as a sink dataset in your copy activity.,Use a dataset in a different format from that of the sink dataset.,
XML,,XmlAttributeColumnNameConflict,"Column names %attrNames;' for attributes of element '%element;' conflict with that for corresponding child elements, and the attribute prefix used is '%prefix;'.","An attribute prefix was used, which caused the conflict.","Set a different value for the ""attributePrefix"" property.",
XML,,XmlValueColumnNameConflict,Column name for the value of element '%element;' is '%columnName;' and it conflicts with the child element having the same name.,One of the child element names was used as the column name for the element value.,"Set a different value for the ""valueColumn"" property.",
XML,,XmlInvalid,Input XML file '%file;' is invalid with parsing error '%error;'.,The input XML file is not well formed.,"Correct the XML file to make it well formed. For more troubleshooting help, try these resources: Connector troubleshooting guide Data Factory feature requests Troubleshoot pipeline orchestration and triggers in Azure Data Factory  Tip Fabric covers everything from data movement to data science, real-time analytics, business intelligence, and reporting. Learn how to start a new trial for free! A pipeline run in Azure Data Factory defines an instance of a pipeline execution. For example, let's say you have a pipeline that runs at 8:00 AM, 9:00 AM, and 10:00 AM. In this case, there are three separate pipeline runs. Each pipeline run has a unique pipeline run ID. A run ID is a globally unique identifier (GUID) that defines that particular pipeline run. Pipeline runs are typically instantiated by passing arguments to parameters that you define in the pipeline. You can run a pipeline either manually or by using a trigger.",
XML,,XmlInvalid,"Type=Microsoft.DataTransfer.Execution.Core.ExecutionException,Message=There are substantial concurrent MappingDataflow executions which is causing failures due to throttling under Integration Runtime 'AutoResolveIntegrationRuntime'. Cause You've reached the integration runtime's capacity limit. You might be running a large amount of data flow by using the same integration runtime at the same time. See Azure subscription and service limits, quotas, and constraints for details. Resolution Run your pipelines at different trigger times. Create a new integration runtime, and split your pipelines across multiple integration runtimes. A pipeline run error while invoking REST API in a Web activity Issue",,,
XML,,XmlInvalid,"Operation on target Cancel failed: {“error”:{“code”:”AuthorizationFailed”,”message”:”The client ‘<client>’ with object id ‘<object>’ does not have authorization to perform action ‘Microsoft.DataFactory/factories/pipelineruns/cancel/action’ over scope ‘/subscriptions/<subscription>/resourceGroups/<resource group>/providers/Microsoft.DataFactory/factories/<data factory name>/pipelineruns/<pipeline run id>’ or the scope is invalid. If access was recently granted, please refresh your credentials.”}} Cause Pipelines can use the Web activity to call ADF REST API methods if and only if the Azure Data Factory member is assigned the Contributor role. You must first configure and add the Azure Data Factory managed identity to the Contributor security role. Resolution Before you use the Azure Data Factory’s REST API in a Web activity’s Settings tab, security must be configured.",,,
Common,,DF-AdobeIntegration-InvalidMapToFilter,Custom resource can only have one Key/Id mapped to filter.,Invalid configurations are provided.,"In your AdobeIntegration settings, make sure that the custom resource can only have one Key/Id mapped to filter.",
Common,,DF-AdobeIntegration-InvalidPartitionConfiguration,Only single partition is supported. Partition schema may be RoundRobin or Hash.,Invalid partition configurations are provided.,"In AdobeIntegration settings, confirm that only the single partition is set and partition schemas may be RoundRobin or Hash.",
Common,,DF-AdobeIntegration-InvalidPartitionType,Partition type has to be roundRobin.,Invalid partition types are provided.,Update AdobeIntegration settings to make your partition type is RoundRobin.,
Common,,DF-AdobeIntegration-InvalidPrivacyRegulation,Only currently supported privacy regulation is 'GDPR'.,Invalid privacy configurations are provided.,Update AdobeIntegration settings while only privacy 'GDPR' is supported.,
Common,,DF-AdobeIntegration-KeyColumnMissed,Key must be specified for non-insertable operations.,Key columns are missed.,Update AdobeIntegration settings to ensure key columns are specified for non-insertable operations.,
Common,,DF-AzureDataExplorer-InvalidOperation,Blob operation is not supported on older storage accounts. Creating a new storage account may fix the issue.,Operation isn't supported.,"Change Update method configuration as delete, update, and upsert are not supported in Azure Data Explorer.",
Common,,DF-AzureDataExplorer-ReadTimeout,Operation timeout while reading data.,Operation times out while reading data.,Increase the value in Timeout option in source transformation settings.,
Common,,DF-AzureDataExplorer-WriteTimeout,Operation timeout while writing data.,Operation times out while writing data.,Increase the value in Timeout option in sink transformation settings.,
Common,,DF-Blob-FunctionNotSupport,"This endpoint does not support BlobStorageEvents, SoftDelete, or AutomaticSnapshot. Disable these account features if you would like to use this endpoint.","Azure Blob Storage events, soft delete or automatic snapshot isn't supported in data flows if the Azure Blob Storage linked service is created with service principal or managed identity authentication.","Disable Azure Blob Storage events, soft delete, or automatic snapshot feature on the Azure Blob account, or use key authentication to create the linked service.",
Common,,DF-Blob-InvalidAccountConfiguration,Either one of account key or sas token should be specified.,An invalid credential is provided in the Azure Blob linked service.,Use either account key or SAS token for the Azure Blob linked service.,
Common,,DF-Blob-InvalidAuthConfiguration,"Only one of the two auth methods (Key, SAS) can be specified.",An invalid authentication method is provided in the linked service.,Use key or SAS authentication for the Azure Blob linked service.,
Common,,DF-Blob-InvalidCloudType,Cloud type is invalid.,An invalid cloud type is provided.,Check the cloud type in your related Azure Blob linked service.,
Common,,DF-Cosmos-DeleteDataFailed,Failed to delete data from Azure Cosmos DB after 3 times retry.,The throughput on the Azure Cosmos DB collection is small and leads to meeting throttling or row data not existing in Azure Cosmos DB.,"To solve this problem, take the following actions: If the error is 404, make sure that the related row data exists in the Azure Cosmos DB collection. If the error is throttling, increase the Azure Cosmos DB collection throughput or set it to the automatic scale. If the error is request timed out, set 'Batch size' in the Azure Cosmos DB sink to smaller value, for example 1000.",
Azure Cosmos DB,,DF-Cosmos-FailToResetThroughput,"Azure Cosmos DB throughput scale operation cannot be performed because another scale operation is in progress, retry after sometime.",The throughput scale operation of the Azure Cosmos DB can't be performed because another scale operation is in progress.,"Log in to Azure Cosmos DB account, and manually change container throughput to be auto scale or add a custom activity after mapping data flows to reset the throughput.",
Azure Cosmos DB,,DF-Cosmos-IdPropertyMissed,'id' property should be mapped for delete and update operations.,The id property is missed for update and delete operations.,"Make sure that the input data has an id column in Azure Cosmos DB sink transformation settings. If not, use a select or derived column transformation to generate this column before the sink transformation.",
Azure Cosmos DB,,DF-Cosmos-InvalidAccountConfiguration,Either accountName or accountEndpoint should be specified.,Invalid account information is provided.,"In the Azure Cosmos DB linked service, specify the account name or account endpoint.",
Azure Cosmos DB,,DF-Cosmos-InvalidAccountKey,"The input authorization token can't serve the request. Check that the expected payload is built as per the protocol, and check the key being used.",There's no enough permission to read/write Azure Cosmos DB data.,Use the read-write key to access Azure Cosmos DB.,
Azure Cosmos DB,,DF-Cosmos-InvalidConnectionMode,Invalid connection mode.,An invalid connection mode is provided.,Confirm that the supported mode is Gateway and DirectHttps in Azure Cosmos DB settings.,
Azure Cosmos DB,,DF-Cosmos-InvalidPartitionKey,Partition key path cannot be empty for update and delete operations.,The partition key path is empty for update and delete operations.,Use the providing partition key in the Azure Cosmos DB sink settings.,
Azure Cosmos DB,,DF-Cosmos-InvalidPartitionKey,Partition key is not mapped in sink for delete and update operations.,An invalid partition key is provided.,"In Azure Cosmos DB sink settings, use the right partition key that is same as your container's partition key.",
Azure Cosmos DB,,DF-Cosmos-InvalidPartitionKeyContent,partition key should start with /.,An invalid partition key is provided.,"Ensure that the partition key start with / in Azure Cosmos DB sink settings, for example: /movieId .",
Azure Cosmos DB,,DF-Cosmos-PartitionKeyMissed,Partition key path should be specified for update and delete operations.,The partition key path is missing in the Azure Cosmos DB sink.,Provide the partition key in the Azure Cosmos DB sink settings.,
Azure Cosmos DB,,DF-Cosmos-ResourceNotFound,Resource not found.,"Invalid configuration is provided (for example, the partition key with invalid characters) or the resource doesn't exist.","To solve this issue, refer to Diagnose and troubleshoot Azure Cosmos DB not found exceptions.",
Azure Cosmos DB,,DF-Cosmos-ShortTypeNotSupport,Short data type is not supported in Azure Cosmos DB.,The short data type isn't supported in the Azure Cosmos DB instance.,Add a derived column transformation to convert related columns from short to integer before using them in the Azure Cosmos DB sink transformation.,
Azure Cosmos DB,,DF-CSVWriter-InvalidQuoteSetting,Job failed while writing data with error: Quote character and escape character cannot be empty if column value contains column delimiter,Both quote characters and escape characters are empty when the column value contains column delimiter.,Set your quote character or escape character.,
Azure Cosmos DB,,DF-Delimited-ColumnDelimiterMissed,Column delimiter is required for parse.,The column delimiter is missed.,"In your CSV settings, confirm that you have the column delimiter, which is required for parse.",
Azure Cosmos DB,,DF-Delimited-InvalidConfiguration,Either one of empty lines or custom header should be specified.,An invalid delimited configuration is provided.,Update the CSV settings to specify one of empty lines or the custom header.,
Azure Cosmos DB,,DF-DELTA-InvalidConfiguration,Timestamp and version can't be set at the same time.,The timestamp and version can't be set at the same time.,Set the timestamp or version in the delta settings.,
Azure Cosmos DB,,DF-Delta-InvalidProtocolVersion,"Unsupported Delta table protocol version, Refer https://docs.delta.io/latest/versioning.html#-table-version for versioning information.",Data flows don't support this version of the Delta table protocol.,Use a lower version of the Delta table protocol.,
Azure Cosmos DB,,DF-DELTA-InvalidTableOperationSettings,Recreate and truncate options can't be both specified.,Recreate and truncate options can't be specified simultaneously.,Update delta settings to have either recreate or truncate operation.,
Azure Cosmos DB,,DF-DELTA-KeyColumnMissed,Key columns should be specified for non-insertable operations.,Key columns are missed for non-insertable operations.,"To have non-insertable operations, specify key columns on delta sink.",
Azure Cosmos DB,,DF-Dynamics-InvalidNullAlternateKeyColumn,Any column value of alternate Key can't be NULL.,Your alternate key column value can't be null.,Confirm that your column value of your alternate key isn't NULL.,
Azure Cosmos DB,,DF-Dynamics-TooMuchAlternateKey,,One lookup field with more than one alternate key reference isn't valid.,Check your schema mapping and confirm that each lookup field has a single alternate key.,
Azure Cosmos DB,,DF-Excel-DifferentSchemaNotSupport,Read excel files with different schema is not supported now.,Reading excel files with different schemas is not supported now.,Apply one of following options to solve this problem: Use ForEach + data flow activity to read Excel worksheets one by one. Update each worksheet schema to have the same columns manually before reading data.,
Azure Cosmos DB,,DF-Excel-InvalidDataType,Data type is not supported.,The data type is not supported.,Change the data type to 'string' for related input data columns.,
Azure Cosmos DB,,DF-Excel-InvalidFile,Invalid excel file is provided while only .xlsx and .xls are supported.,Invalid Excel files are provided.,"Use the wildcard to filter, and get .xls and .xlsx Excel files before reading data.",
Azure Cosmos DB,,DF-Excel-InvalidRange,Invalid range is provided.,An invalid range is provided.,Check the parameter value and specify the valid range by the following reference: Excel format in Azure Data Factory-Dataset properties.,
Azure Cosmos DB,,DF-Excel-InvalidWorksheetConfiguration,Excel sheet name and index cannot exist at the same time.,The Excel sheet name and index are provided at the same time.,"To read the Excel data, check the parameter value and specify the sheet name or index.",
Azure Cosmos DB,,DF-Excel-WorksheetConfigMissed,Excel sheet name or index is required.,An invalid Excel worksheet configuration is provided.,"To read the Excel data, check the parameter value and specify the sheet name or index.",
Azure Cosmos DB,,DF-Excel-WorksheetNotExist,Excel worksheet does not exist.,An invalid worksheet name or index is provided.,"To read the Excel data, check the parameter value and specify a valid sheet name or index.",
Azure Cosmos DB,,DF-Executor-AcquireStorageMemoryFailed,Transferring unroll memory to storage memory failed. Cluster ran out of memory during execution. Retry using an integration runtime with more cores and/or memory optimized compute type.,The cluster has insufficient memory.,Use an integration runtime with more cores and/or the memory optimized compute type.,
Azure Cosmos DB,,DF-Executor-BlockCountExceedsLimitError,"The uncommitted block count cannot exceed the maximum limit of 100,000 blocks. Check blob configuration.","The maximum number of uncommitted blocks in a blob is 100,000.",Contact the Microsoft product team for more details about this problem.,
Azure Cosmos DB,,DF-Executor-BroadcastFailure,"Dataflow execution failed during broadcast exchange. Potential causes include misconfigured connections at sources or a broadcast join timeout error. To ensure the sources are configured correctly, test the connection or run a source data preview in a Dataflow debug session. To avoid the broadcast join timeout, you can choose the 'Off' broadcast option in the Join/Exists/Lookup transformations. If you intend to use the broadcast option to improve performance then make sure broadcast streams can produce data within 60 secs for debug runs and within 300 secs for job runs. If problem persists, contact customer support.","1. The source connection/configuration error could lead to a broadcast failure in join/exists/lookup transformations. 2. Broadcast has a default timeout of 60 seconds in debug runs and 300 seconds in job runs. On the broadcast join, the stream chosen for the broadcast seems too large to produce data within this limit. If a broadcast join is not used, the default broadcast done by a data flow can reach the same limit.","Do data preview at sources to confirm the sources are well configured. Turn off the broadcast option or avoid broadcasting large data streams where the processing can take more than 60 seconds. Instead, choose a smaller stream to broadcast. Large SQL/Data Warehouse tables and source files are typically bad candidates. In the absence of a broadcast join, use a larger cluster if the error occurs. If the problem persists, contact the customer support.",
Azure Cosmos DB,,DF-Executor-BroadcastTimeout,Broadcast join timeout error. Make sure broadcast stream produces data within 60 secs in debug runs and 300 secs in job runs.,Broadcast has a default timeout of 60 seconds on debug runs and 300 seconds on job runs. The stream chosen for broadcast is too large to produce data within this limit.,"Check the Optimize tab on your data flow transformations for join, exists, and lookup. The default option for broadcast is Auto. If Auto is set, or if you're manually setting the left or right side to broadcast under Fixed, you can either set a larger Azure integration runtime (IR) configuration or turn off broadcast. For the best performance in data flows, we recommend that you allow Spark to broadcast by using Auto and use a memory-optimized Azure IR. If you're running the data flow in a debug test execution from a debug pipeline run, you might run into this condition more frequently. The more frequent occurrence of the error is because Azure Data Factory throttles the broadcast timeout to 60 seconds to maintain a faster debugging experience. You can extend the timeout to the 300-second timeout of a triggered run. To do so, you can use the Debug > Use Activity Runtime option to use the Azure IR defined in your Execute Data Flow pipeline activity.",
Azure Cosmos DB,,DF-Executor-BroadcastTimeout,"Broadcast join timeout error. You can choose 'Off' of broadcast option in join/exists/lookup transformation to avoid this issue. If you intend to broadcast join option to improve performance, then make sure broadcast stream can produce data within 60 secs in debug runs and 300 secs in job runs.","Broadcast has a default timeout of 60 seconds in debug runs and 300 seconds in job runs. On the broadcast join, the stream chosen for broadcast is too large to produce data within this limit. If a broadcast join isn't used, the default broadcast by dataflow can reach the same limit.","Turn off the broadcast option or avoid broadcasting large data streams for which the processing can take more than 60 seconds. Choose a smaller stream to broadcast. Large Azure SQL Data Warehouse tables and source files aren't typically good choices. In the absence of a broadcast join, use a larger cluster if this error occurs.",
Azure Cosmos DB,,DF-Executor-ColumnNotFound,Column name used in expression is unavailable or invalid.,An invalid or unavailable column name is used in an expression.,Check the column names used in expressions.,
Azure Cosmos DB,,DF-Executor-Conversion,Converting to a date or time failed due to an invalid character,Data isn't in the expected format.,Use the correct data type.,
Azure Cosmos DB,,DF-Executor-DriverError,"INT96 is a legacy timestamp type, which is not supported by ADF Dataflow. Consider upgrading the column type to the latest types.",Driver error.,INT96 is a legacy timestamp type that's Azure Data Factory data flow doesn't support. Consider upgrading the column type to the latest type.,
Azure Cosmos DB,,DF-Executor-FieldNotExist,Field in struct does not exist.,Invalid or unavailable field names are used in expressions.,Check field names used in expressions.,
Azure Cosmos DB,,DF-Executor-illegalArgument,Make sure that the access key in your Linked Service is correct,The account name or access key is incorrect.,Ensure that the account name or access key specified in your linked service is correct.,
Azure Cosmos DB,,DF-Executor-IncorrectLinkedServiceConfiguration,"Possible causes are, The linked service is incorrectly configured as type 'Azure Blob Storage' instead of 'Azure DataLake Storage Gen2' and it has 'Hierarchical namespace' enabled. Create a new linked service of type 'Azure DataLake Storage Gen2' for the storage account in question. Certain scenarios with any combinations of 'Clear the folder', nondefault 'File name option', 'Key' partitioning may fail with a Blob linked service on a 'Hierarchical namespace' enabled storage account. You can disable these dataflow settings (if enabled) and try again in case you do not want to create a new Gen2 linked service.",Delete operation on the Azure Data Lake Storage Gen2 account failed since its linked service is incorrectly configured as Azure Blob Storage.,"Create a new Azure Data Lake Storage Gen2 linked service for the storage account. If that's not feasible, some known scenarios like Clear the folder, nondefault File name option, Key partitioning in any combinations may fail with an Azure Blob Storage linked service on a hierarchical namespace enabled storage account. You can disable these data flow settings if you enabled them and try again.",
Azure Cosmos DB,,DF-Executor-InternalServerError,"Failed to execute dataflow with internal server error, retry later. If issue persists, contact Microsoft support for further assistance.",The data flow execution is failed because of the system error.,"To solve this issue, refer to Internal server errors.",
Azure Cosmos DB,,DF-Executor-InvalidColumn,"Column name needs to be specified in the query, set an alias if using a SQL function.",No column name is specified.,Set an alias if you're using a SQL function like min() or max().,
Azure Cosmos DB,,DF-Executor-InvalidInputColumns,The column in source configuration cannot be found in source data's schema.,Invalid columns are provided on the source.,Check columns in the source configuration and make sure that it's the subset of the source data's schemas.,
Azure Cosmos DB,,DF-Executor-InvalidOutputColumns,The result has 0 output columns. Ensure at least one column is mapped.,No column is mapped.,Check the sink schema to ensure that at least one column is mapped.,
Azure Cosmos DB,,DF-Executor-InvalidPartitionFileNames,File names cannot have empty values while file name option is set as per partition.,Invalid partition file names are provided.,Check your sink settings to have the right value of file names.,
Azure Cosmos DB,,DF-Executor-InvalidPath,Path does not resolve to any files. Make sure the file/folder exists and is not hidden.,"An invalid file/folder path is provided, which can't be found or accessed.","Check the file/folder path, and make sure it is existed and can be accessed in your storage.",
Azure Cosmos DB,,DF-Executor-InvalidStageConfiguration,Storage with user assigned managed identity authentication in staging is not supported.,An exception is happened because of invalid staging configuration.,"The user-assigned managed identity authentication is not supported in staging. Use a different authentication to create an Azure Data Lake Storage Gen2 or Azure Blob Storage linked service, then use it as staging in mapping data flows.",
Azure Blob Storage,,DF-Executor-InvalidType,Please make sure that the type of parameter matches with type of value passed in. Passing float parameters from pipelines isn't currently supported.,Data types are incompatible between the declared type and the actual parameter value.,Check that the parameter values passed into the data flow match the declared type.,
Azure Blob Storage,,DF-Executor-OutOfDiskSpaceError,Internal server error,The cluster is running out of disk space.,"Retry the pipeline. If doing so doesn't resolve the problem, contact customer support.",
Azure Blob Storage,,DF-Executor-OutOfMemoryError,"Cluster ran into out of memory issue during execution, please retry using an integration runtime with bigger core count and/or memory optimized compute type",The cluster is running out of memory.,"Debug clusters are meant for development. Use data sampling and an appropriate compute type and size to run the payload. For performance tips, see Mapping data flow performance guide.",
Mapping data flow,,DF-Executor-OutOfMemorySparkBroadcastError,Explicitly broadcasted dataset using left/right option should be small enough to fit in node's memory. You can choose broadcast option 'Off' in join/exists/lookup transformation to avoid this issue or use an integration runtime with higher memory.,The size of the broadcasted table far exceeds the limits of the node memory.,"The broadcast left/right option should only be used for smaller dataset sizes, which can fit into the node's memory. Make sure to configure the node size appropriately or turn off the broadcast option.",
Mapping data flow,,DF-Executor-OutOfMemorySparkError,The data may be too large to fit in the memory.,The size of the data far exceeds the limit of the node memory.,Increase the core count and switch to the memory optimized compute type.,
Mapping data flow,,DF-Executor-ExpressionParseError,Expression cannot be parsed.,An expression generated parsing errors because of incorrect formatting.,Check the formatting in the expression.,
Mapping data flow,,DF-Executor-PartitionDirectoryError,"The specified source path has either multiple partitioned directories (for example, <Source Path>/<Partition Root Directory 1>/a=10/b=20, <Source Path>/<Partition Root Directory 2>/c=10/d=30) or partitioned directory with other file or non-partitioned directory (for example <Source Path>/<Partition Root Directory 1>/a=10/b=20, <Source Path>/Directory 2/file1), remove partition root directory from source path and read it through separate source transformation.",The source path has either multiple partitioned directories or a partitioned directory that has another file or non-partitioned directory.,Remove the partitioned root directory from the source path and read it through separate source transformation.,
Mapping data flow,,DF-Executor-RemoteRPCClientDisassociated,"Job aborted due to stage failure. Remote RPC client disassociated. Likely due to containers exceeding thresholds, or network issues.",Data flow activity run failed because of transient network issues or one node in spark cluster ran out of memory.,"Use the following options to solve this problem: Option-1: Use a powerful cluster (both drive and executor nodes have enough memory to handle big data) to run data flow pipelines with setting ""Compute type"" to ""Memory optimized"". The settings are shown in the following picture. Option-2: Use larger cluster size (for example, 48 cores) to run your data flow pipelines. You can learn more about cluster size through this document: Cluster size. Option-3: Repartition your input data. For the task running on the data flow spark cluster, one partition is one task and runs on one node. If data in one partition is too large, the related task running on the node needs to consume more memory than the node itself, which causes failure. So you can use repartition to avoid data skew, and ensure that data size in each partition is average while the memory consumption isn't too heavy.",
Mapping data flow,,DF-Executor-SourceInvalidPayload,"Data preview, debug, and pipeline data flow execution failed because container does not exist.",A dataset contains a container that doesn't exist in storage.,Make sure that the container referenced in your dataset exists and can be accessed.,
Mapping data flow,,DF-Executor-StoreIsNotDefined,The store configuration isn't defined. This error can be caused by invalid parameter assignment in the pipeline.,Invalid store configuration is provided.,Check the parameter value assignment in the pipeline. A parameter expression may contain invalid characters.,
Mapping data flow,,DF-Executor-StringValueNotInQuotes,Column operands are not allowed in literal expressions.,The value for a string parameter or an expected string value isn't enclosed in single quotes.,"Near the mentioned line numbers in the data flow script, ensure the value for a string parameter or an expected string value is enclosed in single quotes.",
Mapping data flow,,DF-Executor-SystemImplicitCartesian,Implicit cartesian product for INNER join isn't supported. Use CROSS JOIN instead. Columns used in join should create a unique key for rows.,"Implicit cartesian products for INNER joins between logical plans aren't supported. If you're using columns in the join, create a unique key.","For non-equality based joins, use CROSS JOIN.",
Mapping data flow,,DF-Executor-SystemInvalidJson,"JSON parsing error, unsupported encoding or multiline","Possible problems with the JSON file: unsupported encoding, corrupt bytes, or using JSON source as a single document on many nested lines.","Verify that the JSON file's encoding is supported. On the source transformation that's using a JSON dataset, expand JSON Settings and turn on Single Document.",
Mapping data flow,,DF-Executor-UnauthorizedStorageAccess,,You are not permitted to access the storage account either due to missing roles for managed identity/service principal authentication or network firewall settings.,"When using managed identity/service principal authentication, 1. For source: In Storage Explorer, grant the managed identity/service principal at least Execute permission for ALL upstream folders and the file system, along with Read permission for the files to copy. Alternatively, in Access control (IAM), grant the managed identity/service principal at least the Storage Blob Data Reader role. 2. For sink: In Storage Explorer, grant the managed identity/service principal at least Execute permission for ALL upstream folders and the file system, along with Write permission for the sink folder. Alternatively, in Access control (IAM), grant the managed identity/service principal at least the Storage Blob Data Contributor role.",
Mapping data flow,,DF-Executor-UnreachableStorageAccount,System is not able to resolve the IP address of the host. Please verify that your host name is correct or check if your DNS server is able to resolve the host to an IP address successfully,Unable to reach the given storage account.,Check the name of the storage account and make sure the storage account exists.,
Mapping data flow,,DF-Executor-UserError,"Job Failed due to reason: GetjobStatus, Job Failed - com.microsoft.dataflow.issues: DF-MICROSOFT365-CONSENTPENDING",Privileged access approval is needed to copy data. It's a user configuration issue.,Ask the tenant admin to approve your Data Access Request in Office365 in privileged access management (PAM) module.,
Mapping data flow,,DF-Executor-DSLParseError,Data flow script cannot be parsed.,The data flow script has parsing errors.,"Check for errors (example: missing symbols, unwanted symbols) near mentioned line numbers in the data flow script.",
Mapping data flow,,DF-Executor-IncorrectQuery,Incorrect syntax. SQL Server error encountered while reading from the given table or while executing the given query.,The query submitted was syntactically incorrect.,Check the syntactical correctness of the given query. Ensure to have a non-quoted query string when it is referenced as a pipeline parameter.,
Mapping data flow,,DF-Executor-ParameterParseError,Parameter stream has parsing errors. Not honoring the datatype of parameters could be one of the causes.,Parsing errors in given parameters.,"Check the parameters having errors, ensure the usage of appropriate functions, and honor the datatypes given.",
Mapping data flow,,DF-File-InvalidSparkFolder,Failed to read footer for file.,Folder _spark_metadata is created by the structured streaming job.,Delete _spark_metadata folder if it exists.,
Mapping data flow,,DF-GEN2-InvalidAccountConfiguration,Either one of account key or SAS token or tenant/spnId/spnCredential/spnCredentialType or userAuth or miServiceUri/miServiceToken should be specified.,An invalid credential is provided in the Azure Data Lake Storage (ADLS) Gen2 linked service.,Update the ADLS Gen2 linked service to have the right credential configuration.,
Mapping data flow,,DF-GEN2-InvalidAuthConfiguration,"Only one of the three auth methods (Key, ServicePrincipal and MI) can be specified.",Invalid auth method is provided in ADLS gen2 linked service.,"Update the ADLS Gen2 linked service to have one of three authentication methods that are Key, ServicePrincipal and MI.",
Mapping data flow,,DF-GEN2-InvalidCloudType,Cloud type is invalid.,An invalid cloud type is provided.,Check the cloud type in your related ADLS Gen2 linked service.,
Mapping data flow,,DF-GEN2-InvalidServicePrincipalCredentialType,Service principal credential type is invalid.,The service principal credential type is invalid.,Update the ADLS Gen2 linked service to set the right service principal credential type.,
Mapping data flow,,DF-GEN2-InvalidStorageAccountConfiguration,Blob operation is not supported on older storage accounts. Creating a new storage account may fix the issue.,The storage account is too old.,Create a new storage account.,
Mapping data flow,,DF-Github-WriteNotSupported,GitHub store does not allow writes.,The GitHub store is read only.,The store entity definition is in some other place.,
Mapping data flow,,DF-Hive-InvalidBlobStagingConfiguration,Blob storage staging properties should be specified.,An invalid staging configuration is provided in the Hive.,"Check if the account key, account name and container are set properly in the related Blob linked service, which is used as staging.",
Mapping data flow,,DF-Hive-InvalidDataType,Unsupported Columns.,Unsupported Columns are provided.,Update the column of input data to match the data type supported by the Hive.,
Mapping data flow,,DF-Hive-InvalidGen2StagingConfiguration,ADLS Gen2 storage staging only support service principal key credential.,An invalid staging configuration is provided in the Hive.,"Update the related ADLS Gen2 linked service that is used as staging. Currently, only the service principal key credential is supported.",
Mapping data flow,,DF-Hive-InvalidGen2StagingConfiguration,ADLS Gen2 storage staging properties should be specified. Either one of key or tenant/spnId/spn Credential/spnCredentialType or miServiceUri/miServiceToken is required.,An invalid staging configuration is provided in the Hive.,Update the related ADLS Gen2 linked service with right credentials that are used as staging in the Hive.,
Mapping data flow,,DF-Hive-InvalidStorageType,Storage type can either be blob or gen2.,Only Azure Blob or ADLS Gen2 storage type is supported.,Choose the right storage type from Azure Blob or ADLS Gen2.,
Mapping data flow,,DF-JSON-WrongDocumentForm,Malformed records are detected in schema inference. Parse Mode: FAILFAST. It could be because of a wrong selection in document form to parse json files. Please try a different 'Document form' (Single document/Document per line/Array of documents) on the json source.,Wrong document form is selected to parse JSON files.,Try different Document form (Single document/Document per line/Array of documents) in JSON settings. Most cases of parsing errors are caused by wrong configuration.,
Mapping data flow,,DF-MICROSOFT365-CONSENTPENDING,Admin Consent is pending.,Admin Consent is missing.,"Provide the consent and then rerun the pipeline. To provide consent, refer to PAM requests.",
Mapping data flow,,DF-MSSQL-ErrorRowsFound,,Error/Invalid rows were found while writing to Azure SQL Database sink.,Find the error rows in the rejected data storage location if configured.,
Mapping data flow,,DF-MSSQL-ExportErrorRowFailed,Exception is happened while writing error rows to storage.,An exception happened while writing error rows to the storage.,Check your rejected data linked service configuration.,
Mapping data flow,,DF-MSSQL-InvalidAuthConfiguration,"Only one of the three auth methods (Key, ServicePrincipal, and MI) can be specified.",An invalid authentication method is provided in the MSSQL linked service.,"You can only specify one of the three authentication methods (Key, ServicePrincipal and MI) in the related MSSQL linked service.",
Mapping data flow,,DF-MSSQL-InvalidCloudType,Cloud type is invalid.,An invalid cloud type is provided.,Check your cloud type in the related MSSQL linked service.,
Mapping data flow,,DF-MSSQL-InvalidCredential,Either one of user/pwd or tenant/spnId/spnKey or miServiceUri/miServiceToken should be specified.,An invalid credential is provided in the MSSQL linked service.,"Update the related MSSQL linked service with right credentials, and one of user/pwd or tenant/spnId/spnKey or miServiceUri/miServiceToken should be specified.",
Mapping data flow,,DF-MSSQL-InvalidDataType,Unsupported fields.,Unsupported fields are provided.,Modify the input data column to match the data type supported by MSSQL.,
Mapping data flow,,DF-MSSQL-InvalidFirewallSetting,The TCP/IP connection to the host has failed. Make sure that an instance of SQL Server is running on the host and accepting TCP/IP connections at the port. Make sure that TCP connections to the port are not blocked by a firewall.,The SQL database's firewall setting blocks the data flow to access.,"Check the firewall setting for your SQL database, and allow Azure services and resources to access this server.",
Mapping data flow,,DF-MSSQL-InvalidCertificate,"SQL server configuration error, please either install a trusted certificate on your server or change 'encrypt' connection string setting to false and 'trustServerCertificate' connection string setting to true.","SQL server configuration error. Recommendations: Install a trusted certificate on your SQL server, or change encrypt connection string setting to false and trustServerCertificate connection string setting to true.",,
Mapping data flow,,DF-PGSQL-InvalidCredential,User/password should be specified.,The User/password is missed.,Make sure that you have right credential settings in the related PostgreSQL linked service.,
PostgreSQL,,DF-SAPODATA-InvalidRunMode,Failed to execute dataflow with invalid run mode.,"Possible causes are: 1. Only the read mode fullLoad can be specified when enableCdc is false. 2. Only the run modes incrementalLoad or fullAndIncrementalLoad can be specified when enableC dc is true. 3. Only fullLoad , incrementalLoad or fullAndIncrementalLoad can be specified.","Reconfigure the activity and run again. If the issue persists, contact Microsoft support for further assistance.",
PostgreSQL,,DF-SAPODATA-StageLinkedServiceMissed,"Failed to execute dataflow when Staging Linked Service is not existed in DSL. Please reconfigure the activity and run again. If issue persists, please contact Microsoft support for further assistance.",The staging linked service doesn't exist in DSL.,"Reconfigure the activity and run again. If the issue persists, contact Microsoft support for further assistance.",
PostgreSQL,,DF-SAPOODATA-StageContainerMissed,Container or file system is required for staging storage.,No container or file system is specified for the staging storage.,Specify the container and file system for your staging storage.,
PostgreSQL,,DF-SAPODATA-StageFolderPathMissed,Folder path is required for staging storage.,No folder path is specified for the staging storage.,Specify the folder path for the staging storage.,
PostgreSQL,,DF-SAPODATA-ODataServiceOrEntityMissed,"Both SAP servicePath and entityName are required in import-schema, preview- data and read data operation.","Service path and Entity name can't be null when importing schema, previewing data or reading data.","Specify the Service path and Entity name when importing schema, previewing data or reading data.",
PostgreSQL,,DF-SAPODATA-TimeoutInvalid,"Timeout is invalid, it should be no more than 7 days.",The timeout can't exceed 7 days.,Specify the valid timeout.,
PostgreSQL,,DF-SAPODATA-ODataServiceMissed,SAP servicePath is required when browsing entity name.,The Service path can't be null when browsing the entity name.,Specify the Service path.,
PostgreSQL,,DF-SAPODATA-SystemError,System Error: Failed to get deltaToken from SAP. Please contact Microsoft support for further assistance.,Failed to get the delta token from SAP.,Contact Microsoft support for further assistance.,
PostgreSQL,,DF-SAPODATA-StageAuthInvalid,Invalid client secret provided,The service principal credential of the staging storage is incorrect.,"Test connection in your staging storage linked service, and confirm that the authentication settings in your staging storage are correct.",
PostgreSQL,,DF-SAPODATA-NotReached,,"Failed to create OData connection to the request URL. Different causes may lead to this issue. Check the list below for possible causes and related recommendations. Your SAP server is shut down. Check if your SAP server is started. Self-hosted integration runtime proxy issue. Check your self-hosted integration runtime proxy. Incorrect parameters input (for Check your input parameters: SAP server name, password. example, wrong SAP server name or password)",,
PostgreSQL,,DF-SAPODATA-NoneODPService,"Current odata service doesn't support extracting ODP data, please enable ODP for the service",The current OData service doesn't support extracting ODP data.,Enable ODP for the service.,
PostgreSQL,,DF-SAPODP-AuthInvalid,SapOdp Name or Password incorrect,Your input name or password is incorrect.,Confirm your input name or password is correct.,
PostgreSQL,,DF-SAPODP-ContextInvalid,,The context value doesn't exist in SAP OPD.,Check the context value and make sure it's valid.,
PostgreSQL,,DF-SAPODP-ContextMissed,Context is required,Different causes may lead to this error. Check below list for possible cause analysis and related recommendation. Your context value can't be empty when reading data. Specify the context. Your context value can't be empty when browsing object names. Specify the context.,,
PostgreSQL,,DF-SAPODP-DataflowSystemError,,,"Reconfigure the activity and run it again. If the issue persists, you can contact Microsoft support for further assistance.",
PostgreSQL,,DF-SAPODP-DataParsingFailed,,"Mostly you have hidden column settings in your SAP table. When you use SAP mapping data flow to read data from SAP server, it returns all the schema (columns, including hidden ones), but returned data do not contain related values. So, data misalignment happened and led to parse value issue or wrong data value issue.","There are two recommendations for this issue： 1. Remove hidden settings from the related columns through the SAP user interface. 2. If you want to keep existed SAP settings unchanged, use hidden feature (manually add DSL property enableProjection:true in script) in SAP mapping data flow to filter the hidden columns and continue to read data.",
PostgreSQL,,DF-SAPODP-ObjectInvalid,,The object name isn't found or not released.,Check the object name and make sure it is valid and already released.,
PostgreSQL,,DF-SAPODP-ObjectNameMissed,'objectName' (SAP object name) is required,Object names must be defined when reading data from SAP ODP.,Specify the SAP ODP object name.,
PostgreSQL,,DF-SAPODP-SAPSystemError,,This is an SAP system error: user id locked .,Contact SAP admin for assistance.,
PostgreSQL,,DF-SAPODP-SessionTerminate,Internal session terminated with a runtime error RAISE_EXCEPTION (see ST22),Transient issues for SLT objects.,Rerun the data flow activity.,
PostgreSQL,,DF-SAPODP-SHIROFFLINE,,Your self-hosted integration runtime is offline.,Check your self-hosted integration runtime status and confirm it's online.,
PostgreSQL,,DF-SAPODP-SLT-LIMITATION,Preview is not supported in SLT system,Your context or object is in SLT system that doesn't support preview. This is an SAP ODP SLT system limitation.,Directly run the data flow activity.,
PostgreSQL,,DF-SAPODP-StageAuthInvalid,Invalid client secret provided,The service principal certificate credential of the staging storage isn't correct.,"Check whether the test connection is successful in your staging storage linked service, and confirm the authentication setting of your staging storage is correct.",
PostgreSQL,,DF-SAPODP-StageAuthInvalid,Failed to authenticate the request to storage,The key of your staging storage isn't correct.,"Check whether the test connection is successful in your staging storage linked service, and confirm the key of your staging Azure Blob Storage is correct.",
PostgreSQL,,DF-SAPODP-StageBlobPropertyInvalid,Read from staging storage failed: Staging blob storage auth properties not valid.,Staging Blob storage properties aren't valid.,Check the authentication setting in your staging linked service.,
PostgreSQL,,DF-SAPODP-StageContainerInvalid,Unable to create Azure Blob container,The input container doesn't exist in your staging storage.,Input a valid container name for the staging storage. Reselect another existed container name or create a new container manually with your input name.,
PostgreSQL,,DF-SAPODP-StageContainerMissed,Container or file system is required for staging storage.,Your container or file system isn't specified for staging storage.,Specify the container or file system for the staging storage.,
PostgreSQL,,DF-SAPODP-StageFolderPathMissed,Folder path is required for staging storage,Your staging storage folder path isn't specified.,Specify the staging storage folder.,
PostgreSQL,,DF-SAPODP-StageGen2PropertyInvalid,Read from staging storage failed: Staging Gen2 storage auth properties not valid.,Authentication properties of your staging Azure Data Lake Storage Gen2 aren't valid.,Check the authentication setting in your staging linked service.,
PostgreSQL,,DF-SAPODP-StageStorageServicePrincipalCertNotSupport,Read from staging storage failed: Staging storage auth doesn't support service principal cert.,The service principal certificate credential isn't supported for the staging storage.,Change your authentication to not use the service principal certificate credential.,
PostgreSQL,,DF-SAPODP-StageStorageTypeInvalid,Your staging storage type of SapOdp is invalid,Only Azure Blob Storage and Azure Data Lake Storage Gen2 are supported for SAP ODP staging.,Select Azure Blob Storage or Azure Data Lake Storage Gen2 as your staging storage.,
PostgreSQL,,DF-SAPODP-SubscriberNameMissed,'subscriberName' is required while option 'enable change data capture' is selected,The SAP linked service property subscriberName is required while option 'enable change data capture' is selected.,Specify the subscriberName in SAP ODP linked service.,
PostgreSQL,,DF-SAPODP-SystemError,,This error is a data flow system error or SAP server system error.,"Check the error message. If it contains SAP server related error stacktrace, contact SAP admin for assistance. Otherwise, contact Microsoft support for further assistance.",
PostgreSQL,,DF-SAPODP-NotReached,partner '.*' not reached,"This is a connectivity issue. Different causes may lead to this issue. Check below list for possible cause analysis and related recommendation. Your SAP server is shut down. Check your SAP server is started. Your IP or port of the self-hosted integration Check your IP or port of self-hosted integration runtime isn't in SAP network security rule. runtime is in your SAP network security rule. Self-hosted integration runtime proxy issue. Check your self-hosted integration runtime proxy. Incorrect parameters input (e.g. wrong SAP Check your input parameters: SAP server name, IP. server name or IP).",,
PostgreSQL,,DF-SAPODP-DependencyNotFound,"Could not load file or assembly 'sapnco, Version=*",You don't download and install SAP .NET connector on the machine of the self- hosted integration runtime.,Follow Set up a self-hosted integration runtime to set up the self- hosted integration runtime for the SAP Change Data Capture (CDC) connector.,
PostgreSQL,,DF-SAPODP-NoAuthForFunctionModule,No REF authorization for function module RODPS_REPL_CONTEXT_GET_LIST,Lack of authorization to execute the related function module.,Follow this SAP notes to add the required authorization profile to your SAP account.,
PostgreSQL,,DF-SAPODP-OOM,No more memory available to add rows to an internal table,"SAP Table connector has its limitation for big table extraction. SAP Table underlying relies on an RFC which will read all the data from the table into the memory of SAP system, so out of memory (OOM) issue will happen when extracting big tables.","Use SAP CDC connector to do full load directly from your source system, then move delta to SAP Landscape Transformation Replication Server (SLT) after init without delta is released.",
PostgreSQL,,DF-SAPODP-SourceNotSupportDelta,Source .* does not support deltas,The ODP context/ODP name you specified doesn't support delta.,"Enable delta mode for your SAP source, or select Full on every run as run mode in data flow. For more information, see this document .",
PostgreSQL,,DF-SAPODP-SAPI-LIMITATION,"Error Number 518, Source .* not found, not released or not authorized","Check if your context is the SAP Service API (SAPI). If so, in SAPI context, you can only extract the relevant extractors for SAP tables. Recommendations: Refer to this document .",,
PostgreSQL,,DF-SAPODP-KeyColumnsNotSpecified,Key columns should be specified for non-insertable operations (updates/deletes),"This error occurs when you skip selecting Key Columns in the sink table. Recommendations: Allowing delete, upsert and update options requires a key column to be specified. Specify one or more columns for the row matching in sink.",,
PostgreSQL,,DF-SAPODP-InsufficientResource,A short dump has occurred in a database operation,"SAP system ran out of resources, which resulted in short dump in SAP server. Recommendations: Contact your SAP administrator to address the problem in SAP instance and retry.",,
SAP,,DF-SAPODP-ExecuteFuncModuleWithPointerFailed,Execute function module .* with pointer .* failed,"SAP system issue. Recommendations: Go to SAP instance, and check ST22 (short dump, similar to windows dump) and review the code where the error happened. In most cases, SAP offers hints on various possibilities for further troubleshooting.",,
SAP,,DF-Snowflake-IncompatibleDataType,"Expression type does not match column data type, expecting VARIANT but got VARCHAR.",The column's type of input data which is string is different from the related column's type in the Snowflake sink transformation which is VARIANT.,"For the snowflake VARIANT, it can only accept data flow value which is struct, map or array type. If the value of your input data columns is JSON or XML or other string, use a parse transformation before the Snowflake sink transformation to covert value into struct, map or array type.",
SAP,,DF-Snowflake-InvalidDataType,The spark type is not supported in snowflake.,An invalid data type is provided in the Snowflake.,Use the derive transformation before applying the Snowflake sink to update the related column of the input data into the string type.,
SAP,,DF-Snowflake-InvalidStageConfiguration,Only blob storage type can be used as stage in snowflake read/write operation.,An invalid staging configuration is provided in the Snowflake.,Update Snowflake staging settings to ensure that only Azure Blob linked service is used.,
SAP,,DF-Snowflake-InvalidStageConfiguration,Snowflake stage properties should be specified with Azure Blob + SAS authentication.,An invalid staging configuration is provided in the Snowflake.,Ensure that only the Azure Blob + SAS authentication is specified in the Snowflake staging settings.,
SAP,,DF-SQLDW-ErrorRowsFound,,Error/invalid rows are found when writing to the Azure Synapse Analytics sink.,Find the error rows in the rejected data storage location if it is configured.,
SAP,,DF-SQLDW-ExportErrorRowFailed,Exception is happened while writing error rows to storage.,An exception happened while writing error rows to the storage.,Check your rejected data linked service configuration.,
SAP,,DF-SQLDW-IncorrectLinkedServiceConfiguration,The linked service is incorrectly configured as type 'Azure Synapse Analytics' instead of 'Azure SQL Database'. Please create a new linked service of type 'Azure SQL Database' Note: Please check that the given database is of type 'Dedicated SQL pool (formerly SQL Data Warehouse)' for linked service type 'Azure Synapse Analytics'.,The linked service is incorrectly configured as type Azure Synapse Analytics instead of Azure SQL Database.,"Create a new linked service of type Azure SQL Database, and check that the given database is of type Dedicated SQL pool (formerly SQL DW) for linked service type Azure Synapse Analytics.",
SAP,,DF-SQLDW-InternalErrorUsingMSI,An internal error occurred while authenticating against Managed Service Identity in Azure Synapse Analytics instance. Please restart the Azure Synapse Analytics instance or contact Azure Synapse Analytics Dedicated SQL Pool support if this problem persists.,An internal error occurred in Azure Synapse Analytics.,Restart the Azure Synapse Analytics instance or contact Azure Synapse Analytics Dedicated SQL Pool support if this problem persists.,
Azure Synapse,,DF-SQLDW-InvalidBlobStagingConfiguration,Blob storage staging properties should be specified.,Invalid blob storage staging settings are provided,Check if the Blob linked service used for staging has correct properties.,
Azure Synapse,,DF-SQLDW-InvalidConfiguration,ADLS Gen2 storage staging properties should be specified. Either one of key or tenant/spnId/spnCredential/spnCredentialType or miServiceUri/miServiceToken is required.,Invalid ADLS Gen2 staging properties are provided.,Update ADLS Gen2 storage staging settings to have one of key or tenant/spnId/spnCredential/spnCredentialType or miServiceUri/miServiceToken.,
Azure Synapse,,DF-SQLDW-InvalidGen2StagingConfiguration,ADLS Gen2 storage staging only support service principal key credential.,An invalid credential is provided for the ADLS gen2 storage staging.,Use the service principal key credential of the Gen2 linked service used for staging.,
Azure Synapse,,DF-SQLDW-InvalidStorageType,Storage type can either be blob or gen2.,An invalid storage type is provided for staging.,Check the storage type of the linked service used for staging and make sure that it's Blob or Gen2.,
Azure Synapse,,DF-SQLDW-StagingStorageNotSupport,Staging Storage with partition DNS enabled is not supported if enable staging. Please uncheck enable staging in sink using Synapse Analytics.,Staging storage with partition DNS enabled isn't supported if you enable staging. Recommendations: Uncheck Enable staging in sink when using Azure Synapse Analytics.,,
Azure Synapse,,DF-SQLDW-DataTruncation,"Your target table has a column with (n)varchar or (n)varbinary type that has a smaller column length limitation than real data, please either adjust the column definition in your target table or change the source data.",Your target table has a column with varchar or varbinary type that has a smaller column length limitation than real data. Recommendations: Adjust the column definition in your target table or change the source data.,,
Azure Synapse,,DF-Synapse-DBNotExist,,The database doesn't exist.,Check if the database exists.,
Azure Synapse,,DF-Synapse-InvalidDatabaseType,Database type is not supported.,The database type isn't supported.,Check the database type and change it to the proper one.,
Azure Synapse,,DF-Synapse-InvalidFormat,Format is not supported.,The format isn't supported.,Check the format and change it to the proper one.,
Azure Synapse,,DF-Synapse-InvalidOperation,,The operation isn't supported.,"Change Update method configuration as delete, update and upsert are not supported in Workspace DB.",
Azure Synapse,,DF-Synapse-InvalidTableDBName,"The table/database name is not a valid name for tables/databases. Valid names only contain alphabet characters, numbers and _.",The table/database name isn't valid.,"Change a valid name for the table/database. Valid names only contain alphabet characters, numbers and _ .",
Azure Synapse,,DF-Synapse-StoredProcedureNotSupported,Use 'Stored procedure' as Source is not supported for serverless (on-demand) pool.,The serverless pool has limitations.,"Retry using 'query' as the source or saving the stored procedure as a view, and then use 'table' as the source to read from view directly.",
Azure Synapse,,DF-Xml-InvalidDataField,The field for corrupt records must be string type and nullable.,"An invalid data type of the column \""_corrupt_record\"" is provided in the XML source.","Make sure that the column \""_corrupt_record\"" in the XML source has a string data type and nullable.",
Azure Synapse,,DF-Xml-InvalidElement,XML Element has sub elements or attributes which can't be converted.,The XML element has sub elements or attributes which can't be converted.,Update the XML file to make the XML element has right sub elements or attributes.,
Azure Synapse,,DF-Xml-InvalidReferenceResource,Reference resource in xml data file cannot be resolved.,The reference resource in the XML data file can't be resolved.,Check the reference resource in the XML data file.,
Azure Synapse,,DF-Xml-InvalidSchema,Schema validation failed.,The invalid schema is provided on the XML source.,Check the schema settings on the XML source to make sure that it's the subset schema of the source data.,
Azure Synapse,,DF-Xml-InvalidValidationMode,Invalid xml validation mode is provided.,An invalid XML validation mode is provided.,Check the parameter value and specify the right validation mode.,
Azure Synapse,,DF-Xml-MalformedFile,Malformed xml with path in FAILFAST mode.,Malformed XML with path exists in the FAILFAST mode.,Update the content of the XML file to the right format.,
Azure Synapse,,DF-Xml-UnsupportedExternalReferenceResource,External reference resource in xml data file is not supported.,The external reference resource in the XML data file isn't supported.,Update the XML file content when the external reference resource isn't supported now.,
Azure Synapse,,GetCommand OutputAsync failed,During Data Flow debug and data preview: GetCommand OutputAsync failed with ...,This error is a back-end service error.,"Retry the operation and restart your debugging session. If retrying and restarting doesn't resolve the problem, contact customer support.",
Azure Synapse,,InvalidTemplate,The pipeline expression cannot be evaluated.,The pipeline expression passed in the Data Flow activity isn't being processed correctly because of a syntax error.,"Check data flow activity name. Check expressions in activity monitoring to verify the expressions. For example, data flow activity name can't have a space or a hyphen.",
Azure Synapse,,InvalidTemplate,"Self-hosted integration runtime node/logical self-hosted IR is in Inactive/ ""Running (Limited)"" state Cause The self-hosted integrated runtime node might have a status of Inactive, as shown in the following screenshot: This behavior occurs when nodes can't communicate with each other. Resolution 1. Log in to the node-hosted virtual machine (VM). Under Applications and Services Logs > Integration Runtime, open Event Viewer, and filter the error logs. 2. Check to see whether an error log contains the following error: System.ServiceModel.EndpointNotFoundException: Could not connect to net.tcp://xxxxxxx.bwld.com:8060/ExternalService.svc/WorkerManager. The connection attempt lasted for a time span of 00:00:00.9940994. TCP error code 10061: No connection could be made because the target machine actively refused it 10.2.4.10:8060. System.Net.Sockets.SocketException: No connection could be made because the target machine actively refused it. 10.2.4.10:8060 at System.Net.Sockets.Socket.",,,
Azure Synapse,127,,"The spark job of Dataflow completed, but the runtime state is either null or still InProgress..",Transient issue with microservices involved in the execution can cause the run to fail.,Refer to scenario 3 transient issues.,
Azure Synapse,2011,,"The activity was running on Azure Integration Runtime and failed to decrypt the credential of data store or compute connected via a Self-hosted Integration Runtime. Please check the configuration of linked services associated with this activity, and make sure to use the proper integration runtime type.",Data flow doesn't support linked services on self-hosted integration runtimes.,Configure data flow to run on a Managed Virtual Network integration runtime.,
Azure Synapse,4502,,There are substantial concurrent MappingDataflow executions that are causing failures due to throttling under Integration Runtime.,"A large number of Data Flow activity runs are occurring concurrently on the integration runtime. For more information, see Azure Data Factory limits.","If you want to run more Data Flow activities in parallel, distribute them across multiple integration runtimes.",
Azure Synapse,4503,,"There are substantial concurrent MappingDataflow executions which is causing failures due to throttling under subscription '%subscriptionId;', ActivityId: '%activityId;'.",Throttling threshold was reached.,Retry the request after a wait period.,
Azure Synapse,4506,,Failed to provision cluster for '%activityId;' because the request computer exceeds the maximum concurrent count of 200. Integration Runtime '%IRName;',Transient error,Retry the request after a wait period.,
Azure Synapse,4507,,Unsupported compute type and/or core count value.,Unsupported compute type and/or core count value was provided.,Use one of the supported compute type and/or core count values given on this document.,
Azure Synapse,4508,,Spark cluster not found.,,Restart the debug session.,
Azure Synapse,4509,,"Hit unexpected failure while allocating compute resources, please retry. If the problem persists, please contact Azure Support",Transient error,Retry the request after a wait period.,
Azure Synapse,4510,,Unexpected failure during execution.,"Since debug clusters work differently from job clusters, excessive debug runs could wear the cluster over time, which could cause memory issues and abrupt restarts.","Restart Debug cluster. If you are running multiple dataflows during debug session, use activity runs instead because activity level run creates separate session without taxing main debug cluster.",
Azure Synapse,4511,,"java.sql.SQLTransactionRollbackException. Deadlock found when trying to get lock; try restarting transaction. If the problem persists, please contact Azure Support",Transient error,Retry the request after a wait period.,
Azure Synapse,,SystemErrorSynapseSparkJobFailed (Ongoing),Job failed during run time with state=[dead]. Credentials were not provided for the WASB URI.,"Data flow is unsupported in Synapse workspaces using Spark version 3.4 when DEP (Data Exfiltration Protection) is enabled by selecting ""Allow outbound data traffic only to approved targets"" during workspace network configuration.","Disable the above settings during workspace creation. For more information, see this document Miscellaneous troubleshooting tips Issue: Unexpected exception occurred and execution failed.",
Azure Synapse,,SystemErrorSynapseSparkJobFailed (Ongoing),During Data Flow activity execution: Hit unexpected exception and execution failed.,This error is a back-end service error. Retry the operation and restart your debugging session.,"If retrying and restarting doesn't resolve the problem, contact customer support. Issue: No output data on join during debug data preview.",
Azure Synapse,,SystemErrorSynapseSparkJobFailed (Ongoing),There are a high number of null values or missing values which may be caused by having too few rows sampled. Try updating the debug row limit and refreshing the data.,The join condition either didn't match any rows or resulted in a large number of null values during the data preview.,"In Debug Settings, increase the number of rows in the source row limit. Be sure to select an Azure IR that has a data flow cluster that's large enough to handle more data. Issue: Validation error at source with multiline CSV files.",
Azure Synapse,,SystemErrorSynapseSparkJobFailed (Ongoing),You might see one of these error messages: The last column is null or missing. Schema validation at source fails. Schema import fails to show correctly in the UX and the last column has a new line character in the name.,"In the Mapping data flow, multiline CSV source files don't currently work when \r\n is used as the row delimiter. Sometimes extra lines at carriage returns can cause errors.","Generate the file at the source by using \n as the row delimiter rather than \r\n. Or use the Copy activity to convert the CSV file to use \n as a row delimiter. Improvement on CSV/CDM format in Data Flow If you use the Delimited Text or CDM formatting for mapping data flow in Azure Data Factory V2, you may face the behavior changes to your existing pipelines because of the improvement for Delimited Text/CDM in data flow starting from 1 May 2021. You may encounter the following issues before the improvement, but after the improvement, the issues were fixed. Read the following content to determine whether this improvement affects you. Scenario 1: Encounter the unexpected row delimiter issue You are affected if you are in the following conditions: Using the Delimited Text with the Multiline setting set to True or CDM as the source. The first row has more than 128 characters. The row delimiter in data files isn't \n .",
Azure Synapse,,with a detailed SQL exception message will be shown in the Data Factory,"""Connection Timeout Expired"" or ""The service has encountered an error processing your request. Try again. "" Here are potential causes and recommended actions: The data source or destination is overloaded. Check the load on your data source or destination and see whether it has enough capacity. For example, if you used Azure SQL Database, consider scaling up if the database is likely to time out. The network between the SSIS integration runtime and the data source or destination is unstable, especially when the connection is cross-region or between on-premises and Azure. Apply the retry pattern in the SSIS package by following these steps: Make sure your SSIS packages can rerun on failure without side effects (for example, data loss or data duplication). Configure Retry and Retry interval of Execute SSIS Package activity on the General tab. For an ADO.",,,
Azure Synapse,,with a detailed SQL exception message will be shown in the Data Factory,"""ADO NET Source has failed to acquire the connection '...'` with ""A network-related or instance-specific error occurred while establishing a connection to SQL Server. The server wasn't found or wasn't accessible. "" This issue usually means the data source or destination is inaccessible from the SSIS integration runtime. The reasons can vary. Try these actions: Make sure you're passing the data source or destination name/IP correctly. Make sure the firewall is set properly. Make sure your virtual network is configured properly if your data source or destination is on-premises: You can verify whether the issue is from virtual network configuration by provisioning an Azure VM in the same virtual network. Then check whether the data source or destination can be accessed from the Azure VM. You can find more details about using a virtual network with an SSIS integration runtime in Join an Azure-SSIS integration runtime to a virtual network.",,,
Azure Synapse,,with a detailed SQL exception message will be shown in the Data Factory,"""ADO NET Source has failed to acquire the connection '...'"" with ""Couldn't create a managed connection manager. "" The potential cause is that the ADO.NET provider used in the package isn't installed in the SSIS integration runtime. You can install the provider by using a custom setup. You can find more details about custom setup in Customize setup for the Azure-SSIS integration runtime.",,,
Azure Synapse,,with a detailed SQL exception message will be shown in the Data Factory,"""The connection '...' isn't found "" A known issue in older versions of SQL Server Management Studio (SSMS) can cause this error. If the package contains a custom component (for example, SSIS Azure Feature Pack or partner components) that isn't installed on the machine where SSMS is used to do the deployment, SSMS will remove the component and cause the error. Upgrade SSMS to the latest version that has the issue fixed.",,,
Azure Synapse,,with a detailed SQL exception message will be shown in the Data Factory,"`SSIS Executor exit code: -1073741819. "" Potential cause & recommended action: This error may be because of the limitation for Excel source and destination when multiple Excel sources or destinations are executing in parallel in multi-thread. You can work around this limitation by change your Excel components to execute in sequence, or separate them into different packages and trigger through ""Execute Package Task"" with ExecuteOutOfProcess property set as True.",,,
Azure Synapse,,with a detailed SQL exception message will be shown in the Data Factory,"""There isn't enough space on the disk "" This error means the local disk is used up in the SSIS integration runtime node. Check whether your package or custom setup is consuming a lot of disk spaces: If the disk is consumed by your package, it will be freed up after the package execution finishes. If the disk is consumed by your custom setup, you'll need to stop the SSIS integration runtime, modify your script, and start the integration runtime again. The whole Azure blob container that you specified for custom setup will be copied to the SSIS integration runtime node, so check whether there's any unnecessary content under that container.",,,
Azure Synapse,,with a detailed SQL exception message will be shown in the Data Factory,"""Failed to retrieve resource from master. Microsoft.SqlServer.IntegrationServices.Scale.ScaleoutContract.Common.MasterRe Code:300004. Description:Load file ""***"" failed. "" Potential cause & recommended action: If the SSIS Activity is executing package from file system (package file or project file), this error will occur if the project, package or configuration file is not accessible with the package access credential you provided in the SSIS Activity If you are using Azure File: The file path should start with \\<storage account name>.file.core.windows.net\<file share path> The domain should be ""Azure"" The username should be <storage account name> The password should be <storage access key> If you are using on-premises file, please check if VNet, package access credential and permission are configured properly so that your Azure-SSIS integration runtime can access your on-premises file share",,,
Azure Synapse,,with a detailed SQL exception message will be shown in the Data Factory,"""The file name '...' specified in the connection was not valid "" Potential cause & recommended action: An invalid file name is specified Make sure you are using FQDN (Fully Qualified Domain Name) instead of short time in your connection manager",,,
Azure Synapse,,with a detailed SQL exception message will be shown in the Data Factory,"""Cannot open file '...' "" This error occurs when package execution can't find a file in the local disk in the SSIS integration runtime. Try these actions: Don't use the absolute path in the package that's being executed in the SSIS integration runtime. Use the current execution working directory (.) or the temp folder (%TEMP%) instead. If you need to persist some files on SSIS integration runtime nodes, prepare the files as described in Customize setup. All the files in the working directory will be cleaned up after the execution is finished. Use Azure Files instead of storing the file in the SSIS integration runtime node. For details, see Use Azure file shares.",,,
Azure Synapse,,with a detailed SQL exception message will be shown in the Data Factory,"""The database 'SSISDB' has reached its size quota "" A potential cause is that the SSISDB database created in Azure SQL Database or in SQL Managed Instance has reached its quota. Try these actions: Consider increasing the DTU of your database. You can find details in SQL Database limits for a logical server. Check whether your package would generate many logs. If so, you can configure an elastic job to clean up these logs. For details, see Clean up SSISDB logs with Azure Elastic Database jobs.",,,
Azure Synapse,,with a detailed SQL exception message will be shown in the Data Factory,"""The request limit for the database is ... and has been reached. "" If many packages are running in parallel in the SSIS integration runtime, this error might occur because SSISDB has hit its request limit. Consider increasing the DTU of SSISDB to resolve this issue. You can find details in SQL Database limits for a logical server.",,,
Azure Synapse,,with a detailed SQL exception message will be shown in the Data Factory,"""SSIS Operation failed with unexpected operation status: ... "" The error is mostly caused by a transient problem, so try to rerun the package execution. Apply the retry pattern in the SSIS package by following these steps: Make sure your SSIS packages can rerun on failure without side effects (for example, data loss or data duplication). Configure Retry and Retry interval of Execute SSIS Package activity on the General tab. For an ADO.NET and OLE DB source or destination component, set ConnectRetryCount and ConnectRetryInterval in Connection Manager in the SSIS package or SSIS activity.",,,
Azure Synapse,,with a detailed SQL exception message will be shown in the Data Factory,"""There is no active worker. "" This error usually means the SSIS integration runtime has an unhealthy status. Check the Azure portal for the status and detailed errors. For more information, see Azure-SSIS integration runtime.",,,
Azure Synapse,,with a detailed SQL exception message will be shown in the Data Factory,"""Your integration runtime cannot be upgraded and will eventually stop working, since we cannot access the Azure Blob container you provided for custom setup. "" This error occurs when the SSIS integration runtime can't access the storage configured for custom setup. Check whether the shared access signature (SAS) URI that you provided is valid and hasn't expired.",,,
Azure Synapse,,with a detailed SQL exception message will be shown in the Data Factory,"""Microsoft OLE DB Provider for Analysis Services. 'Hresult: 0x80004005 Description:' COM error: COM error: mscorlib; Exception has been thrown by the target of an invocation "" One potential cause is that the username or password with Microsoft Entra multifactor authentication enabled is configured for Azure Analysis Services authentication. This authentication isn't supported in the SSIS integration runtime. Try to use a service principal for Azure Analysis Services authentication: 1. Prepare a service principal as described in Automation with service principals. 2. In the Connection Manager, configure Use a specific user name and password: set app:<AppID>@<TenantID> as the username and clientSecret as the password. Here is an example of a correctly formatted user name: app:12345678-9012-3456-789a-bcdef012345678@9abcdef0-1234-5678-9abc-def0123456789abc 3. In Connection Manager, configure Use a specific user name and password: set AppID as the username and clientSecret as the password.",,,
Azure Synapse,,with a detailed SQL exception message will be shown in the Data Factory,"""ADONET Source has failed to acquire the connection {GUID} with the following error message: Login failed for user 'NT AUTHORITY\ANONYMOUS LOGON'"" when using a managed identity "" Make sure you don't configure the authentication method of Connection Manager as Active Directory Password Authentication when the parameter ConnectUsingManagedIdentity is True. You can configure it as SQL Authentication instead, which is ignored if ConnectUsingManagedIdentity is set.",,,
Azure Synapse,,with a detailed SQL exception message will be shown in the Data Factory,"""0xC020801F at ..., OData Source [...]: Cannot acquire a managed connection from the run-time connection manager "" One potential cause is that the Transport Layer Security (TLS) is not enable in SSIS integration runtime which is required by your OData source. You can enable TLS in SSIS integration runtime by using Customize setup. More detail can be found at Can't connect Project Online Odata from SSIS and Customize setup for the Azure-SSIS integration runtime.",,,
Azure Synapse,,with a detailed SQL exception message will be shown in the Data Factory,"""Request staging task with operation guid ... fail since error: Failed to dispatch staging operation with error message: Microsoft.SqlServer.IntegrationServices.AisAgentCore.AisAgentException: Failed to load data proxy. "" Make sure your Azure-SSIS integration runtime is configured with Self-Hosted integration runtime. More detail can be found at Configure Self-Hosted IR as a proxy for Azure-SSIS IR in ADF.",,,
Azure Synapse,,with a detailed SQL exception message will be shown in the Data Factory,"""Staging task status: Failed. Staging task error: ErrorCode: 2010, ErrorMessage: The Self-hosted Integration Runtime ... is offline "" Make sure your Self-Hosted integration runtime is installed and started. More detail can be found at Create and configure a self-hosted integration runtime",,,
Azure Synapse,,with a detailed SQL exception message will be shown in the Data Factory,"""Staging task error: ErrorCode: 2906, ErrorMessage: Package execution failed. Output: {""OperationErrorMessages"": ""Error: The requested OLE DB provider ... is not registered. If the 64-bit driver is not installed, run the package in 32-bit mode... "" Make sure the corresponding provider used by your OLE DB connectors in your package are installed on Self-Hosted integration runtime machine properly. More detail can be found at Configure Self-Hosted IR as a proxy for Azure-SSIS IR in ADF",,,
Azure Synapse,,with a detailed SQL exception message will be shown in the Data Factory,"""Staging task error: ErrorCode: 2906, ErrorMessage: Package execution failed. Output: {""OperationErrorMessages"": ""Error: System.IO.FileLoadException: Could not load file or assembly 'Microsoft.WindowsAzure.Storage, Version=..., Culture=neutral, PublicKeyToken=31bf3856ad364e35' or one of its dependencies. The located assembly's manifest definition does not match the assembly reference.'... "" One potential cause is your Self-Hosted integration runtime is not installed or upgraded properly. Suggest to download and reinstall the latest Self-hosted integration runtime. More detail can be found at Create and configure a self-hosted integration runtime",,,
Azure Synapse,,with a detailed SQL exception message will be shown in the Data Factory,"""Staging task failed. TaskStatus: Failed, ErrorCode: 2906, ErrorMessage: Package execution failed. For more details, select the output of your activity run on the same row., Output: {""OperationErrorMessages"": ""4/14/2021 7:10:35 AM +00:00 : = Failed to start Named pipe proxy... "" Check if security policies are correctly assigned to the account running self-hosted IR service. If Windows authentication is used on Execute SSIS Package activity or the execution credential is set in SSIS catalog (SSISDB), the same security policies must be assigned to the Windows account used. More detail can be found at Configure Self-Hosted IR as a proxy for Azure-SSIS IR in ADF",,,
Azure Synapse,,with a detailed SQL exception message will be shown in the Data Factory,"""A connection is required when requesting metadata. If you are working offline, uncheck Work Offline on the SSIS menu to enable the connection "" Potential cause & recommended action: If there is also a warning message ""The component does not support using connection manager with ConnectByProxy value setting true“ in the execution log, this means a connection manager is used on a component which hasn't supported ""ConnectByProxy"" yet. The supported components can be found at Configure Self-Hosted IR as a proxy for Azure-SSIS IR in ADF Execution log can be found in SSMS report or in the log folder you specified in SSIS package execution activity. vNet can also be used to access on-premises data as an alternative. More detail can be found at Join an Azure-SSIS integration runtime to a virtual network",,,
Azure Synapse,,with a detailed SQL exception message will be shown in the Data Factory,"""Staging task status: Failed. Staging task error: ErrorCode: 2906, ErrorMessage: Package execution failed. Output: {""OperationErrorMessages"": ""SSIS Executor exit code: -1.\n"", ""LogLocation"": ""...\SSISTelemetry\ExecutionLog\..."", ""effectiveIntegrationRuntime"": ""..."", ""executionDuration"": ..., ""durationInQueue"": { ""integrationRuntimeQueue"": ... }} "" Make sure Visual C++ runtime is installed on Self-Hosted integration runtime machine. More detail can be found at Configure Self-Hosted IR as a proxy for Azure-SSIS IR in ADF",,,
Azure Synapse,,with a detailed SQL exception message will be shown in the Data Factory,"""Timeout when reading from staging"" This error occurs when SSIS-IR with SHIR as a data proxy can't read data from staging blob successfully. Usually, it is due to that SHIR has failed to transfer on-premises data to the staging blob. Then SSIS-IR's attempt to read staging data fails with timeout error. You need to check SHIR logs in C:\ProgramData\SSISTelemetry folder for runtime logs and C:\ProgramData\SSISTelemetry\ExecutionLog folder for execution logs to further investigate why data hasn't been uploaded to staging blob successfully by SHIR. Multiple Package executions are triggered unexpectedly Potential cause & recommended action: ADF stored procedure activity or Lookup activity are used to trigger SSIS package execution. The t-sql command may hit transient issue and trigger the rerun which would cause multiple package executions. Use ExecuteSSISPackage activity instead which ensures package execution won’t rerun unless user set retry count in activity.",,,
Azure Synapse,,InvalidInput,"""Please verify your input is correct.""",Your input is incorrect.,Check your input.,
Azure Synapse,,FirewallOrNetworkIssue,"""Please verify that this port is open on your firewall/server/NSG and the network is stable.""",Your server doesn't open the port. Your network security group is denied outbound traffic on the port. Your NVA/Azure Firewall/on-premises firewall doesn't open the port. Recommendations: Open the port on the server. Update the network security group to allow outbound traffic on the port. Open the port on the NVA/Azure Firewall/on-premises firewall.,,
Azure Synapse,,MisconfiguredDnsSettings,"""If you’re using your own DNS server in the VNet joined by your Azure-SSIS IR, verify that it can resolve your host name.""","There's a problem with your custom DNS. You aren't using a fully qualified domain name (FQDN) for your private host name. Recommendations: Fix your custom DNS problem to make sure it can resolve the host name. Use the FQDN. Azure-SSIS IR won't automatically append your own DNS suffix. For example, use <your_private_server>.contoso.com instead of <your_private_server>.",,
Azure Synapse,,ServerNotAllowRemoteConnection,"""Please verify that your server allows remote TCP connections through this port.""",Your server firewall doesn't allow remote TCP connections. Your server isn't online. Recommendations: Allow remote TCP connections on the server firewall. Start the server.,,
Azure Synapse,,MisconfiguredNsgSettings,"""Please verify that the NSG of your VNet allows outbound traffic through this port. If you’re using Azure ExpressRoute and or a UDR, please verify that this port is open on your firewall/server.""",Your network security group is denied outbound traffic on the port. Your NVA/Azure Firewall/on-premises firewall doesn't open the port.,Update the network security group to allow outbound traffic on the port. Open the port on the NVA/Azure Firewall/on-premises firewall.,
Azure Synapse,,GenericIssues,"""Test connection failed due to generic issues.""",The test connection encountered a general temporary problem.,"Retry the test connection later. If retrying doesn't help, contact the Azure Data Factory support team.",
Azure Synapse,,PSPingExecutionTimeout,"""Test connection timeout, please try again later.""",Test connectivity timed out.,"Retry the test connection later. If retrying doesn't help, contact the Azure Data Factory support team.",
Azure Synapse,,NetworkInstable,"""Test connection irregularly succeeded due to network instability.""",Transient network issue.,"Check whether the server or firewall network is stable. Migrate SSIS jobs with SSMS Run SSIS packages in Azure with SSDT Schedule SSIS packages in Azure Azure Data Factory known issues This page lists the known issues in Azure Data factory. Before submitting an Azure support request , review this list to see if the issue that you're experiencing is already known and being addressed. Active known issues ADF Component Known Issue Status Snow Flake Connector Issue Intermittent data retrieval issue with Has LookUp using the Snowflake Connector workaround V2 Self-Hosted IR IP Address Retrieval Issue Retrieving IP Address for Self- Has Issue in Azure Data Factory Studio hosted IR in Azure Data Factory Studio workaround Recently ADF Closed known issues ADF Component Issue Status Date Resolved Intermittent data retrieval issue with LookUp using the Snowflake Connector v2 Intermittently, lookup queries against Snowflake return no values even when results are expected.",
